Row ID,Category 1,Category 2,Category 3,Category 4,Category 5,Category 6,Category 7,Category 8,Category 9,Category 10,Category 11,Category 12,Category 13,Category 14,Category 15,Category 16,Category 17,Category 18,Category 19,Category 20,Category 21,Category 22,Category 23,Category 24,Category 25,Category 26,Category 27,Category 28,Category 29,Category 30,Category 31,Category 32,Category 33,Category 34,Category 35,Category 36,Category 37,Category 38,Category 39,Category 40,Category 41,Category 42,Output Class
Data Row 1,0.26,0.312912643,4,5,4,4,3,3,4,0,0,0,4,5,5,4,4,3,2,2,5,4,1,2,1,1,4,4,4,3,5,5,5,5,2,5,5,5,5,0,0,5,1
Data Row 2,0.09,0.298611164,4,3,4,5,5,5,5,5,5,3,4,3,3,5,5,4,4,3,1,1,2,2,1,5,4,4,3,3,5,5,4,5,5,5,5,4,3,0,0,5,1
Data Row 3,0.17,0.129717231,4,4,2,4,4,4,4,4,4,0,3,4,2,2,4,3,3,2,1,1,1,1,3,5,4,4,4,3,5,5,5,5,5,5,3,3,4,0,0,4,1
Data Row 4,0.36,0.067347288,4,4,2,3,3,3,4,0,0,0,4,5,3,2,3,3,2,2,1,1,1,1,1,3,4,4,5,3,5,3,5,5,5,5,3,3,5,0,0,3,1
Data Row 5,0.16,0.05978249,4,4,3,3,3,3,3,0,0,0,3,3,2,2,3,3,2,2,3,1,1,1,5,5,4,4,5,3,5,5,5,5,5,5,3,3,5,0,0,3,0
Data Row 6,0.16,0.171336263,4,4,4,4,4,4,4,4,4,4,3,4,2,2,4,3,2,3,1,1,1,1,5,5,4,4,4,2,5,5,5,5,5,5,2,4,5,0,0,3,1
Data Row 7,0.16,0.095194519,4,3,4,3,4,4,4,4,4,4,1,4,2,2,3,3,0,2,2,1,0,1,5,2,4,4,0,1,5,0,0,0,0,5,4,3,4,0,4,2,0
Data Row 8,0.26,0.245028049,4,3,2,4,5,4,4,0,0,0,4,4,4,5,3,3,2,2,1,1,1,1,1,5,4,4,4,3,5,5,5,5,5,5,5,5,5,0,0,5,1
Data Row 9,0.16,0.195695132,5,4,5,0,0,0,0,0,0,0,5,5,5,4,3,3,2,4,1,5,3,1,1,5,4,4,3,3,5,5,5,3,5,5,5,5,5,0,0,5,0
Data Row 10,0.18,0.298412204,5,4,4,4,4,4,4,0,0,0,5,5,5,5,3,3,2,2,1,4,4,2,1,5,4,4,4,3,5,5,2,5,5,5,4,5,5,0,0,5,1
Data Row 11,0.1,0.063329056,4,4,4,3,3,3,3,4,4,4,4,5,4,4,4,3,5,4,1,1,0,1,4,5,4,4,0,3,5,5,5,5,5,5,3,5,2,0,5,5,1
Data Row 12,0.15,0.216252565,5,4,4,4,3,3,4,0,0,0,5,5,4,4,3,3,2,2,1,5,1,1,1,5,4,4,4,2,5,4,4,4,4,5,3,3,4,0,0,3,1
Data Row 13,0.18,0.184246883,4,4,5,4,4,4,4,4,4,4,4,3,2,2,3,3,2,3,1,1,1,1,1,5,4,4,2,3,5,5,5,5,5,5,4,3,5,0,5,3,1
Data Row 14,0.19,0.118277751,5,4,5,0,0,0,0,0,0,0,3,4,2,2,3,3,2,2,1,1,1,1,4,4,4,4,2,5,5,5,5,5,5,5,2,5,5,0,0,3,0
Data Row 15,0.36,0.398120344,5,5,5,4,4,4,4,0,0,0,5,5,4,4,4,3,3,5,5,5,1,1,4,5,4,4,5,4,5,5,5,5,5,5,4,4,5,0,0,4,1
Data Row 16,0.16,0.017427966,4,4,4,2,3,3,3,4,3,2,1,4,2,2,3,3,2,2,1,1,1,1,1,5,4,4,4,3,5,5,5,5,5,5,3,3,5,0,0,3,0
Data Row 17,0.43,0.197475776,4,3,5,4,5,5,4,0,0,0,4,4,2,2,3,3,2,2,3,1,1,1,5,4,4,4,3,3,5,5,5,5,5,5,3,4,3,0,0,4,1
Data Row 18,0.38,0.166538283,4,3,5,4,3,5,4,0,0,0,4,4,2,2,3,3,2,2,3,1,1,1,5,4,4,4,3,3,5,5,5,5,5,5,4,4,3,0,0,2,1
Data Row 19,0.16,0.164733991,4,4,3,4,4,4,4,0,0,0,3,4,2,2,4,3,4,2,1,1,1,1,5,3,4,4,5,3,5,5,5,5,5,5,3,3,5,0,0,3,1
Data Row 20,0.28,0.184107348,4,4,3,4,4,4,4,4,5,0,3,3,2,2,4,3,2,2,4,4,1,1,5,4,4,4,3,3,5,5,5,5,4,5,4,3,5,0,0,5,0
Data Row 21,0.29,0.187175781,4,4,4,4,3,4,4,2,3,3,3,4,3,4,3,3,2,2,1,1,1,1,4,4,4,4,5,3,5,3,5,5,5,5,3,3,5,0,0,5,1
Data Row 22,0.17,0.112053812,4,2,3,4,4,4,3,0,0,0,4,3,2,2,4,3,2,2,1,5,1,1,1,5,4,4,5,2,5,5,5,5,5,5,3,4,5,0,0,5,0
Data Row 23,0.15,-0.008126469,4,3,2,3,4,3,4,0,0,0,3,3,2,1,4,3,2,3,1,4,1,1,1,4,4,4,3,3,5,3,5,5,5,5,3,3,4,0,0,3,0
Data Row 24,0.1,-0.097512603,4,3,2,0,0,0,0,0,0,0,3,3,2,1,4,3,2,3,1,5,1,1,1,1,4,4,3,3,5,3,3,3,3,5,3,3,3,0,0,3,0
Data Row 25,0.12,-0.089818425,4,3,2,0,0,0,0,0,0,0,2,2,2,1,3,3,2,3,1,5,1,1,1,5,4,4,3,3,5,3,3,3,3,5,3,3,3,0,0,3,0
Data Row 26,0.49,0.031483654,2,2,4,4,3,3,3,0,0,0,3,5,2,2,3,3,2,3,1,1,1,1,1,4,4,4,4,2,5,5,5,5,5,5,4,3,5,0,0,5,1
Data Row 27,0.11,0.182494909,4,5,3,4,2,5,5,0,0,0,3,3,2,1,4,3,3,2,1,1,1,3,1,5,4,4,4,3,5,5,5,5,5,5,3,3,5,0,0,5,1
Data Row 28,0.15,0.070354618,4,2,3,4,4,4,4,0,0,0,2,3,2,2,4,3,2,2,1,1,1,1,5,5,4,4,3,4,5,4,5,5,5,5,2,2,5,0,0,2,0
Data Row 29,0.28,0.221368283,5,5,4,4,0,4,5,4,5,0,4,5,2,2,4,3,2,4,4,4,2,5,1,5,4,4,2,3,5,5,5,5,5,5,4,5,5,0,0,5,0
Data Row 30,0.24,-0.010435183,3,3,2,3,3,3,3,0,0,0,3,3,4,2,3,3,2,2,1,1,1,2,4,4,4,4,3,3,5,4,5,5,4,5,4,4,4,0,0,0,0
Data Row 31,0.26,0.124094412,5,4,5,3,3,3,3,0,0,0,4,2,2,2,4,3,2,3,1,4,1,3,5,4,4,4,5,2,5,0,5,5,5,5,2,4,4,0,0,5,0
Data Row 32,0.08,0.096925661,4,4,3,4,4,4,3,4,4,4,3,3,2,2,4,3,3,2,1,1,1,1,1,5,4,4,3,3,5,2,4,5,4,5,4,3,2,0,0,5,0
Data Row 33,0.32,0.111446194,4,3,2,4,4,4,4,0,0,0,3,5,2,3,4,3,2,2,1,1,1,1,5,3,4,4,3,1,5,4,5,5,5,5,4,3,5,0,0,5,0
Data Row 34,0.45,0.333213449,4,4,5,4,4,4,4,4,4,4,5,5,4,4,3,3,2,2,1,1,1,1,5,4,4,4,4,3,5,5,5,5,5,5,4,5,3,0,0,5,0
Data Row 35,0.11,-0.0230814,4,3,3,4,3,3,3,0,0,0,1,3,2,1,3,3,2,2,1,5,1,1,1,5,4,4,2,2,5,2,5,5,5,5,4,4,4,0,0,5,0
Data Row 36,0.16,0.118815713,4,4,5,4,4,5,5,0,0,0,2,4,2,2,4,3,3,2,3,2,1,2,4,4,4,4,4,3,5,4,5,5,5,5,2,3,5,0,0,5,0
Data Row 37,0.23,0.120185114,4,2,2,5,4,4,4,4,4,4,3,3,2,1,4,3,0,2,3,1,0,1,5,3,4,4,0,3,5,0,0,0,0,5,4,4,5,0,4,5,1
Data Row 38,0.13,0.317128003,5,5,4,4,4,5,5,0,0,0,4,4,2,3,4,3,0,2,1,1,0,1,1,5,4,4,0,3,5,0,0,0,0,5,3,4,5,0,3,5,1
Data Row 39,0.12,-0.023017786,3,3,2,3,3,4,3,0,0,0,1,3,2,1,4,3,0,3,1,1,0,1,2,4,4,4,0,3,5,0,0,0,0,5,4,3,5,0,4,5,0
Data Row 40,0.12,0.013994127,3,4,3,3,3,3,4,0,0,0,1,3,2,2,4,3,0,3,1,1,0,1,2,4,4,4,0,2,5,0,0,0,0,5,3,5,5,0,3,5,0
Data Row 41,0.1,0.006224987,4,3,3,4,3,3,4,0,0,0,2,3,2,2,3,3,2,3,1,3,1,1,1,5,4,4,3,4,5,3,3,4,4,5,4,4,5,0,1,5,0
Data Row 42,0.15,0.229072213,5,4,5,4,5,3,4,0,0,0,3,4,2,3,4,3,4,2,1,2,1,1,5,4,4,4,4,3,5,5,5,5,5,5,3,3,5,0,0,0,1
Data Row 43,0.29,0.216549248,4,4,4,4,4,4,4,4,4,3,3,3,2,1,4,3,4,2,4,4,1,1,4,3,4,4,4,3,5,4,5,5,5,5,4,4,5,0,0,0,0
Data Row 44,0.14,0.170535684,4,2,5,4,3,4,4,0,0,0,4,5,2,3,3,3,3,2,1,1,1,1,1,5,4,4,3,3,5,4,5,5,5,5,4,3,4,0,0,0,1
Data Row 45,0.3,0.010306448,4,2,2,3,4,4,4,4,3,2,3,4,2,3,4,3,2,4,1,4,1,1,5,4,4,4,5,2,5,5,5,5,5,5,5,4,5,0,3,0,0
Data Row 46,0.3,-0.022156341,4,2,2,3,4,4,4,4,3,2,2,4,2,3,4,3,2,4,1,4,1,1,5,4,4,4,5,2,5,5,5,5,5,5,5,4,4,0,3,0,0
Data Row 47,0.11,0.146546781,4,4,2,4,0,5,5,0,0,0,4,3,2,2,4,3,2,2,1,1,1,1,5,4,4,4,3,2,5,5,5,5,4,5,3,4,5,0,0,0,1
Data Row 48,0.42,0.331294686,4,3,5,4,4,3,3,0,0,0,4,5,5,4,4,3,2,4,4,1,1,1,4,4,4,4,5,4,5,4,5,5,3,5,4,4,5,0,0,0,1
Data Row 49,0.23,0.117754549,4,3,3,4,4,5,4,4,4,4,2,3,2,2,4,3,4,2,3,1,1,1,5,4,4,4,3,1,5,3,5,5,5,5,2,4,5,0,0,0,1
Data Row 50,0.13,0.168081045,4,4,4,4,4,4,4,0,0,0,4,4,2,2,4,3,0,5,2,1,1,2,5,4,4,4,4,3,5,5,5,5,5,5,4,4,5,0,4,0,0
Data Row 51,0.16,0.257631212,4,4,4,4,4,4,5,0,0,0,4,3,2,3,3,3,3,2,3,1,1,1,5,4,4,4,5,3,5,5,5,5,5,5,4,5,5,0,0,5,1
Data Row 52,0.22,0.273896575,4,5,5,4,4,4,4,4,4,4,5,5,3,2,4,3,2,2,5,1,1,2,1,2,4,4,3,2,5,3,5,5,5,5,3,5,5,0,0,0,1
Data Row 53,0.25,0.109781578,4,3,3,4,4,4,4,0,0,0,2,4,2,2,4,3,4,2,1,2,1,1,5,3,4,4,4,2,5,2,5,5,5,5,3,3,5,0,0,0,0
Data Row 54,0.1,0.090065971,3,3,4,4,4,4,4,0,0,0,1,3,2,1,4,3,3,2,3,1,1,1,4,4,4,4,3,3,5,3,5,5,5,5,3,3,5,0,0,0,1
Data Row 55,0.38,0.359167755,3,4,5,5,4,5,4,4,4,4,4,3,2,3,4,3,1,3,3,1,1,1,5,4,4,4,1,3,5,1,1,1,1,5,4,3,5,1,5,5,1
Data Row 56,0.15,0.081970721,5,4,5,1,1,1,1,1,1,1,1,3,2,1,4,3,3,5,1,5,3,3,4,5,4,4,3,2,5,4,4,4,4,5,4,5,4,,,5,0
Data Row 57,0.21,0.197825834,4,4,3,4,4,4,4,0,0,0,3,4,2,2,4,3,3,2,1,4,1,1,5,5,4,4,2,3,5,3,5,5,5,5,4,4,5,0,0,5,1
Data Row 58,0.15,0.073781744,4,3,3,3,4,3,4,3,3,3,2,1,2,4,4,4,3,2,4,4,1,1,4,4,4,4,3,3,5,5,5,5,5,5,3,3,3,3,,5,1
Data Row 59,0.25,0.278280467,5,4,5,4,4,4,4,0,0,0,4,3,4,3,4,3,4,2,1,1,1,4,4,2,4,4,3,2,5,5,5,4,4,5,5,5,5,0,0,5,1
Data Row 60,0.33,0.041141003,5,4,4,4,4,5,3,1,1,1,4,2,2,3,4,3,2,3,1,5,1,1,5,4,4,4,4,3,5,5,4,5,5,5,3,3,4,,3,5,1
Data Row 61,0.12,-0.059317749,3,2,2,3,3,3,3,0,0,0,1,4,2,2,4,3,2,2,1,1,1,1,1,5,4,4,4,2,5,4,5,5,5,5,3,3,5,1,1,5,0
Data Row 62,0.25,0.065369599,5,3,4,4,3,3,3,1,1,1,3,2,3,1,4,3,2,3,1,1,1,1,2,3,4,4,3,3,5,4,5,5,5,5,4,3,5,1,1,5,0
Data Row 63,0.3,0.20238848,5,4,4,4,3,4,4,3,3,3,5,2,3,2,4,3,2,3,1,1,1,3,3,3,4,4,4,3,5,5,5,5,5,5,4,4,5,1,1,5,1
Data Row 64,0.09,0.247086301,5,4,3,4,3,5,5,3,3,3,2,3,3,5,4,3,3,4,4,4,5,4,1,5,4,4,3,3,5,5,4,5,5,5,4,5,5,0,0,5,1
Data Row 65,0.09,0.234085426,4,3,3,4,3,5,5,3,3,3,2,3,3,5,4,3,3,5,4,4,5,4,1,5,4,4,3,3,5,5,4,5,5,5,4,5,5,0,0,5,1
Data Row 66,0.27,0.213993445,4,4,3,4,4,4,4,4,4,1,4,2,2,4,4,3,3,3,2,2,1,1,4,3,4,4,2,3,5,5,5,5,5,5,4,4,4,,,5,1
Data Row 67,0.13,-0.023649836,4,2,3,3,4,3,2,3,2,2,2,1,2,4,4,3,3,2,2,3,1,1,4,3,4,4,2,3,5,5,5,5,5,5,4,4,4,,,5,0
Data Row 68,0.15,-0.008362783,4,2,4,3,3,3,3,3,3,1,2,1,2,4,3,4,3,1,1,1,1,1,2,3,4,4,4,3,5,5,5,5,5,5,4,4,5,,,5,0
Data Row 69,0.18,0.015610034,3,3,3,4,3,3,3,2,3,3,3,2,2,1,4,3,2,2,4,4,1,1,1,5,4,4,3,3,5,3,5,3,3,5,4,2,5,0,0,5,0
Data Row 70,0.15,0.138545901,4,3,4,4,3,1,1,1,1,1,2,3,2,4,4,3,4,3,4,4,1,3,5,2,4,4,3,3,5,3,5,5,5,5,3,4,5,,,5,1
Data Row 71,0.39,0.18745634,4,4,4,3,3,3,3,3,3,3,4,3,3,4,4,3,2,2,5,4,1,1,5,5,4,4,5,4,5,4,3,5,5,5,4,5,4,,,5,1
Data Row 72,0.56,0.341445744,5,4,5,4,3,4,4,0,0,0,4,5,3,3,4,3,1,4,1,1,1,3,5,4,4,4,1,3,5,1,1,1,1,5,4,4,5,1,3,5,1
Data Row 73,0.15,0.045834735,4,2,3,4,3,4,3,1,1,1,2,3,2,1,4,3,2,4,3,1,1,1,4,4,4,4,2,3,5,5,5,5,5,5,4,4,4,,,5,0
Data Row 74,0.25,0.330901057,5,4,4,4,4,4,4,4,4,4,4,4,3,3,4,3,2,3,1,1,1,1,4,4,4,4,1,3,5,1,1,1,1,5,4,4,4,1,4,5,1
Data Row 75,0.25,0.119665459,4,3,4,4,3,3,3,4,3,4,3,4,3,1,4,3,3,3,1,3,1,1,4,4,4,4,4,3,5,4,5,5,5,5,3,3,4,1,4,5,1
Data Row 76,0.25,0.107794344,4,3,4,3,3,4,3,4,3,3,3,3,2,1,4,3,2,3,1,3,1,1,4,4,4,4,1,2,5,1,1,1,1,5,4,4,5,1,4,5,0
Data Row 77,0.41,0.280818969,4,4,5,4,4,4,4,0,0,0,4,3,2,3,4,3,3,2,1,1,1,1,5,5,4,4,4,3,5,5,5,5,5,5,4,4,5,1,1,5,1
Data Row 78,0.05,0.042691771,4,4,4,1,1,1,1,1,1,1,3,3,2,1,4,3,2,3,1,5,1,1,1,5,4,4,3,3,5,4,3,5,3,5,2,2,4,,,5,0
Data Row 79,0.14,0.063159689,3,2,4,3,3,2,4,0,0,0,2,0,0,0,3,3,0,0,1,1,0,0,4,4,4,4,5,0,5,0,0,0,5,5,3,3,5,4,0,5,0
Data Row 80,0.5,0.271257102,4,3,5,3,3,3,4,4,4,4,4,5,2,2,4,3,1,3,5,1,1,1,5,5,4,4,1,3,5,1,1,1,1,5,4,4,3,1,5,5,1
Data Row 81,0.33,0.225059003,5,5,5,4,4,4,4,1,1,1,4,3,2,4,4,3,2,3,1,5,1,1,5,4,4,4,5,4,5,5,5,5,5,5,5,3,5,,2,5,1
Data Row 82,0.05,0.139844894,4,3,4,4,5,4,3,4,4,4,1,3,3,3,5,3,5,3,1,1,1,1,3,4,4,4,3,3,5,4,5,2,5,5,4,4,1,,,5,0
Data Row 83,0.2,0.222296953,4,4,4,4,4,4,4,1,1,1,3,2,2,2,5,3,2,3,1,1,1,1,5,5,4,4,1,4,5,1,1,1,1,5,4,4,5,1,3,5,1
Data Row 84,0.23,0.181346565,5,3,5,4,4,4,4,3,3,3,4,5,2,3,4,3,3,2,4,3,1,1,2,5,4,4,1,2,5,2,2,2,5,5,2,2,2,1,1,5,1
Data Row 85,0.35,0.090017512,4,3,4,3,3,2,3,0,0,0,3,5,2,3,3,3,2,2,1,3,1,1,4,4,4,4,5,5,5,5,5,5,5,5,5,5,5,1,1,5,1
Data Row 86,0.41,0.120495602,4,4,4,3,3,2,3,0,0,0,4,3,4,3,3,3,2,2,2,4,1,1,4,4,4,4,5,5,5,5,5,5,5,5,4,3,5,1,1,5,1
Data Row 87,0.3,0.154697314,4,4,3,3,3,3,3,0,0,0,3,5,2,4,4,3,2,4,3,3,1,3,3,3,4,4,4,2,5,5,5,5,5,5,4,5,4,1,1,5,1
Data Row 88,0.3,0.206361964,4,4,4,3,3,3,3,0,0,0,4,5,2,4,4,3,2,4,3,3,1,3,3,3,4,4,4,2,5,5,5,5,5,5,4,5,4,1,1,5,1
Data Row 89,0.09,0.133845299,5,3,5,4,5,3,3,1,1,1,2,3,3,1,5,3,2,5,4,3,1,1,4,2,4,4,4,4,5,2,4,4,2,5,3,4,5,,,5,0
Data Row 90,0.5,0.003803368,3,2,2,0,0,0,0,0,0,0,3,3,2,1,3,3,2,2,1,1,1,1,5,5,4,4,2,5,5,5,4,5,5,5,5,3,5,0,0,5,1
Data Row 91,0.1,-0.114960782,3,1,2,2,3,3,3,0,0,0,1,2,1,1,4,3,2,3,1,1,1,2,1,5,4,4,2,2,5,0,5,5,5,5,3,3,5,0,0,5,0
Data Row 92,0.26,0.027986325,4,3,5,4,5,5,5,5,5,4,5,5,5,5,4,3,4,4,4,5,4,3,5,5,4,4,4,3,5,1,1,1,1,5,4,4,5,1,4,5,0
Data Row 93,0.34,0.187602699,3,4,4,4,3,4,4,0,0,0,3,5,2,2,3,3,1,3,4,1,1,1,5,5,4,4,1,4,5,1,1,1,1,5,2,3,5,1,3,5,1
Data Row 94,0.5,0.273133457,5,3,5,0,0,0,0,0,0,0,4,5,4,5,4,3,2,2,1,1,1,3,5,4,4,4,4,4,5,5,5,5,5,5,4,5,5,1,1,5,1
Data Row 95,0.26,0.123428039,4,3,5,4,4,3,3,0,0,0,3,4,2,2,4,3,3,2,1,1,1,1,1,5,4,4,5,3,5,4,5,5,5,5,3,3,5,1,1,5,0
Data Row 96,0.25,0.134438068,3,3,4,4,2,4,4,0,0,0,3,4,2,2,4,3,0,3,2,3,0,3,4,4,4,4,0,3,5,0,0,0,0,5,4,4,4,0,3,5,1
Data Row 97,0.35,0.286470383,4,5,4,4,5,3,3,0,0,0,4,5,2,4,4,3,5,2,1,1,1,2,4,3,4,4,5,2,5,5,5,5,5,5,3,4,5,0,0,5,1
Data Row 98,0.33,0.287907481,5,4,4,1,1,1,1,1,1,1,4,3,4,4,4,3,2,2,3,5,1,3,5,4,4,4,5,5,5,5,5,5,5,5,5,5,5,1,1,5,1
Data Row 99,0.05,0.161950693,5,4,4,5,5,3,3,3,3,3,2,3,2,1,5,3,2,5,1,1,3,5,4,2,4,4,4,3,5,5,3,4,4,5,5,5,5,,,5,0
Data Row 100,0.36,0.205618858,5,4,4,1,1,1,1,1,1,1,4,3,2,3,4,3,2,3,1,5,1,1,5,4,4,4,4,3,5,5,4,5,5,5,5,4,5,,,5,1
Data Row 101,0.17,0.161857799,4,4,4,4,3,3,5,0,0,0,4,3,3,3,4,3,2,2,3,1,1,1,4,4,4,4,3,3,5,4,5,5,4,5,2,2,4,1,1,5,1
Data Row 102,0.1,-0.13278611,4,2,2,2,2,3,3,0,0,0,1,2,2,1,4,3,2,2,1,1,1,1,3,4,4,4,3,3,5,3,5,5,5,5,4,2,5,1,1,5,0
Data Row 103,0.25,0.170789406,4,4,4,0,0,0,0,0,0,0,4,4,2,2,4,3,2,2,4,4,1,1,4,4,4,4,4,3,5,4,5,4,5,5,3,3,3,1,1,5,1
Data Row 104,0.41,0.299951881,4,3,5,0,0,0,0,0,0,0,5,5,5,2,3,3,2,2,5,4,1,1,5,5,4,4,3,4,5,5,5,5,3,5,5,5,5,0,0,5,1
Data Row 105,0.24,0.314141572,4,5,4,5,5,4,5,4,4,4,4,5,2,2,4,3,4,2,1,1,1,1,5,5,4,4,5,2,5,5,5,5,5,5,4,4,5,1,5,5,0
Data Row 106,0.25,0.18034564,4,3,4,1,1,1,1,1,1,1,3,3,4,5,4,3,5,4,1,4,3,2,4,5,4,4,1,2,5,4,5,5,5,5,4,4,4,,,5,1
Data Row 107,0.35,0.05175766,5,4,4,1,1,1,1,1,1,1,3,3,3,1,3,3,3,4,4,3,1,1,5,1,4,4,3,1,5,3,5,3,3,5,1,4,4,,,5,1
Data Row 108,0.33,0.124294877,4,4,2,3,3,1,1,1,1,1,4,3,3,3,4,3,2,5,1,4,1,1,4,5,4,4,4,2,5,4,4,5,5,5,3,5,5,,,5,1
Data Row 109,0.33,0.058336139,4,2,3,4,4,3,3,1,1,1,3,3,2,1,4,4,2,4,4,3,1,1,4,4,4,4,4,1,5,4,5,5,2,5,3,3,5,,,5,0
Data Row 110,0.33,0.044648029,4,2,2,4,4,3,3,1,1,1,3,3,3,1,4,3,5,5,3,4,2,2,2,5,4,4,1,4,5,4,5,5,2,5,2,2,5,,,5,0
Data Row 111,0.29,0.082124673,3,3,4,0,0,0,0,0,0,0,4,5,2,1,3,3,2,2,2,1,1,1,4,4,4,4,2,2,5,3,5,3,4,5,2,3,5,1,1,5,1
Data Row 112,0.19,0.130400687,3,3,3,5,3,4,4,1,1,1,3,4,2,1,4,3,2,3,1,1,1,1,5,4,4,4,1,3,5,1,1,1,1,5,5,4,5,1,4,5,1
Data Row 113,0.2,0.326527059,5,5,5,4,0,0,4,0,0,0,4,4,2,4,4,3,2,2,1,2,1,3,5,5,4,4,4,3,5,5,5,5,5,5,4,5,4,1,1,5,1
Data Row 114,0.24,0.151598841,4,4,3,4,4,3,3,0,0,0,3,4,2,2,4,3,4,2,1,3,1,3,4,3,4,4,5,3,5,5,4,5,5,5,4,3,5,1,1,5,0
Data Row 115,0.22,0.118838042,4,4,2,4,4,5,3,0,0,0,3,3,2,1,4,3,4,2,2,1,1,4,4,4,4,4,4,3,5,2,4,5,5,5,4,3,5,1,1,5,0
Data Row 116,0.15,0.230247647,5,4,3,5,4,5,5,0,0,0,4,2,2,2,4,3,4,4,1,1,1,1,4,5,4,4,3,3,5,5,5,5,5,5,4,4,5,0,0,5,0
Data Row 117,0.13,0.021709407,5,4,5,4,4,5,4,4,4,4,2,3,2,5,4,3,4,2,1,1,1,4,4,5,4,4,2,2,5,5,5,4,4,5,5,3,5,5,0,5,0
Data Row 118,0.21,0.200079933,4,4,5,5,5,5,5,5,5,4,5,5,5,4,4,3,4,4,4,5,4,3,4,4,4,4,4,3,5,1,1,1,1,5,4,4,5,1,4,5,0
Data Row 119,0.15,0.057690911,4,3,3,4,4,3,3,1,1,1,3,3,3,1,4,3,2,4,3,4,1,1,2,5,4,4,3,2,5,3,5,5,3,5,2,2,2,,,5,0
Data Row 120,0.2,0.159018174,4,4,3,4,4,4,4,0,0,0,1,4,2,2,4,3,4,2,1,4,1,2,5,4,4,4,4,4,5,5,5,5,5,5,5,4,5,0,0,5,0
Data Row 121,0.21,-0.078424677,5,4,4,3,3,3,2,1,1,1,3,3,2,4,4,3,3,3,1,5,2,3,3,5,4,4,4,2,5,4,5,5,5,5,4,4,4,,3,5,0
Data Row 122,0.15,-0.06155036,4,4,3,4,2,4,3,1,1,1,3,3,2,1,3,3,2,2,1,4,1,1,4,3,4,4,2,1,5,2,2,2,1,5,2,2,2,,,5,0
Data Row 123,0.15,-0.16223833,2,3,2,1,1,3,3,1,1,1,4,3,2,1,3,3,2,2,1,1,1,1,4,3,4,4,2,1,5,2,2,2,1,5,2,2,1,,,5,0
Data Row 124,0.14,-0.06835489,3,3,2,2,2,3,3,1,1,1,3,3,2,4,3,3,2,2,1,3,1,1,5,3,4,4,2,2,5,4,4,4,3,5,2,2,3,,,5,0
Data Row 125,0.05,-0.040647466,4,3,4,4,4,5,4,5,5,4,4,3,4,4,4,5,3,4,3,4,3,3,4,4,4,4,3,4,5,4,5,4,5,5,4,4,3,1,1,5,0
Data Row 126,0.15,0.054399572,4,4,4,4,5,5,5,5,5,4,4,3,4,4,4,5,4,4,5,4,2,3,4,3,4,4,4,4,5,4,5,5,5,5,4,4,4,1,1,5,0
Data Row 127,0.22,0.03070889,3,4,3,3,3,3,3,4,3,4,4,0,0,0,3,3,0,0,1,1,0,0,1,5,4,4,5,0,5,0,0,0,5,5,3,3,2,3,0,5,0
Data Row 128,0.2,0.368772298,5,4,4,4,5,5,5,0,0,0,3,4,3,2,5,3,5,2,1,1,1,1,4,5,4,4,4,3,5,5,5,5,5,5,5,5,5,1,1,5,1
Data Row 129,0.15,-0.054281767,3,3,2,3,3,3,3,3,3,3,2,3,2,2,4,3,2,3,2,3,1,1,3,4,4,4,4,2,5,3,5,3,2,5,2,2,5,,,5,0
Data Row 130,0.15,0.177599177,5,4,5,3,3,3,3,3,3,3,4,3,3,5,5,3,5,2,1,1,3,3,1,5,4,4,4,2,5,2,4,4,4,5,4,4,4,,,5,0
Data Row 131,0.31,0.339519203,5,5,4,4,4,4,5,4,3,4,4,3,3,4,5,4,3,4,3,1,1,2,5,4,4,4,4,3,5,4,5,5,5,5,4,4,5,,5,5,1
Data Row 132,0.19,0.110147364,4,3,4,4,4,4,4,4,4,4,4,3,4,4,5,4,3,4,1,1,1,1,5,3,4,4,4,3,5,4,5,5,5,5,4,3,4,,4,5,0
Data Row 133,0.15,0.011811238,3,3,2,4,4,4,4,1,1,1,2,2,2,2,4,3,2,3,3,1,1,1,2,3,4,4,3,3,5,5,5,5,4,5,4,3,5,,3,5,0
Data Row 134,0.15,0.303294897,4,4,4,4,4,4,4,1,1,1,5,4,4,3,4,3,2,3,3,1,1,1,2,4,4,4,3,4,5,5,5,5,4,5,4,3,5,,5,5,1
Data Row 135,0.15,0.267235339,4,4,4,5,4,5,5,1,1,1,4,3,2,2,4,3,2,3,4,3,1,1,2,4,4,4,1,4,5,1,1,1,1,5,4,4,3,1,3,5,1
Data Row 136,0.15,-0.051378466,4,3,3,4,3,5,5,5,5,4,4,3,4,3,3,3,3,4,4,4,1,1,3,4,4,4,3,3,5,3,5,5,5,5,4,4,4,1,1,5,0
Data Row 137,0.19,-0.142720833,1,1,2,3,1,1,1,1,1,1,3,3,3,1,3,3,2,2,1,1,1,1,1,5,4,4,3,2,5,4,5,5,5,5,4,4,4,,,5,0
Data Row 138,0.19,0.092652991,4,3,3,4,3,4,4,0,0,0,4,3,2,2,3,3,0,3,1,1,0,1,1,5,4,4,0,2,5,0,0,0,0,5,5,5,5,0,3,5,1
Data Row 139,0.28,0.133323804,4,2,4,3,3,3,3,3,3,3,3,5,3,2,5,3,3,2,4,5,1,1,3,3,4,4,5,3,5,4,5,5,5,5,4,4,4,1,1,5,1
Data Row 140,0.3,0.394921184,5,4,4,5,4,5,5,4,4,4,4,5,3,3,4,3,4,3,4,5,1,2,3,3,4,4,4,3,5,5,5,5,5,5,4,4,5,1,1,5,1
Data Row 141,0.15,0.186098486,4,4,3,5,3,4,5,4,4,3,3,3,3,3,4,3,3,3,2,1,1,1,4,4,4,4,3,4,5,5,3,5,5,5,4,4,5,,4,5,1
Data Row 142,0.14,0.06615524,4,4,3,3,3,4,4,3,3,3,2,3,3,3,4,3,3,3,2,1,1,1,4,4,4,4,3,3,5,5,3,5,5,5,4,4,5,,3,5,0
Data Row 143,0.25,0.112761997,4,2,4,4,3,4,4,1,1,1,2,2,3,3,4,3,2,3,1,4,1,2,4,3,4,4,4,3,5,5,4,5,5,5,4,3,5,1,1,5,1
Data Row 144,0.25,0.182992071,5,4,4,3,3,3,3,1,1,1,5,2,3,4,4,3,2,3,1,4,1,3,5,4,4,4,4,4,5,5,5,5,5,5,3,3,5,1,1,5,1
Data Row 145,0.15,0.074302204,4,3,3,4,4,1,1,1,1,1,1,1,2,4,4,3,4,3,3,3,3,5,5,4,4,4,1,3,5,4,5,3,5,5,4,4,5,,,5,0
Data Row 146,0.33,0.336171031,5,4,3,4,4,4,5,1,1,1,5,3,2,4,4,3,4,3,4,5,3,3,4,4,4,4,2,4,5,5,5,5,5,5,4,3,5,,,5,1
Data Row 147,0.1,0.26168403,5,4,5,5,5,5,5,5,5,5,1,3,2,2,4,3,4,2,1,1,1,4,4,2,4,4,3,2,5,5,5,4,4,5,5,5,5,0,0,5,1
Data Row 148,0.05,0.076851696,5,5,4,4,3,3,4,3,3,3,2,2,2,1,4,3,2,3,1,1,1,1,1,5,4,4,2,4,5,3,5,4,5,5,2,2,5,1,1,5,0
Data Row 149,0.35,0.254252762,4,4,5,4,5,5,5,5,5,4,5,5,5,4,5,3,4,4,4,5,4,3,5,4,4,4,4,3,5,1,1,1,1,5,4,4,5,1,4,5,1
Data Row 150,0.33,-0.069828764,3,2,2,3,3,3,3,3,3,3,2,2,2,1,4,3,2,3,4,2,1,1,2,5,4,4,3,2,5,5,5,5,5,5,3,2,5,,,5,1
Data Row 151,0.42,0.198791459,4,3,4,4,3,3,3,0,0,0,4,5,2,4,4,3,2,2,1,1,1,3,5,4,4,4,4,4,5,5,5,5,5,5,3,3,5,0,0,5,1
Data Row 152,0.31,0.186735198,5,4,4,5,4,4,4,4,4,4,3,3,2,2,3,3,3,2,4,5,1,1,5,1,4,4,4,2,5,4,5,5,5,5,1,4,3,,,5,1
Data Row 153,0.15,0.104145594,5,4,4,4,3,4,4,1,1,1,4,2,2,3,4,3,2,3,2,5,1,1,5,4,4,4,4,3,5,5,4,5,5,5,3,3,4,,3,5,1
Data Row 154,0.4,0.281899065,5,4,4,5,4,4,3,4,4,4,3,3,2,4,4,3,5,4,2,4,1,3,5,4,4,4,4,4,5,4,4,5,5,5,4,5,5,,,5,1
Data Row 155,0.33,-0.140548259,4,3,2,2,3,1,1,1,1,1,1,2,2,1,3,3,4,1,2,1,1,1,1,2,4,4,2,3,5,1,5,4,4,5,4,5,5,,,5,0
Data Row 156,0.33,0.187579587,4,3,3,5,4,3,3,1,1,1,3,3,3,4,4,3,4,3,2,5,1,4,4,4,4,4,5,5,5,5,5,4,5,5,4,5,4,,,5,1
Data Row 157,0.6,0.390346795,5,4,4,4,4,1,1,1,1,1,4,3,4,4,5,3,5,4,3,1,1,4,5,4,4,4,4,4,5,3,5,5,5,5,5,5,5,,,5,1
Data Row 158,0.33,0.078201197,4,2,4,3,3,1,1,3,3,3,3,3,2,3,4,3,2,3,1,3,1,3,4,4,4,4,4,4,5,4,4,4,4,5,4,4,2,,,5,0
Data Row 159,0.4,0.280139983,4,3,3,4,4,1,1,1,1,1,4,3,4,4,5,3,5,4,3,1,1,4,5,3,4,4,5,4,5,5,5,4,5,5,4,4,5,,,5,1
Data Row 160,0.24,0.267665535,4,4,4,4,4,4,5,0,0,0,4,4,2,2,5,3,1,2,1,1,1,1,3,5,4,4,1,3,5,1,1,1,1,5,3,3,4,1,2,5,1
Data Row 161,0.24,0.079102285,5,4,4,3,4,2,2,1,1,1,3,3,2,2,4,3,4,3,1,5,1,1,5,4,4,4,3,3,5,5,5,5,5,5,5,4,5,,,5,0
Data Row 162,0.25,0.276003718,4,3,4,4,4,4,4,1,1,1,4,4,3,2,4,3,4,2,4,1,1,1,4,4,4,4,5,3,5,5,5,5,5,5,4,3,4,1,1,5,1
Data Row 163,0.5,0.103554823,3,2,4,3,3,3,4,1,1,1,3,4,2,1,4,3,2,2,4,1,1,1,5,4,4,4,5,3,5,5,5,5,5,5,4,3,4,1,1,5,0
Data Row 164,0.15,0.233505681,4,4,4,4,4,1,1,1,1,1,3,3,4,4,4,3,5,5,4,1,1,3,4,4,4,4,3,3,5,3,3,4,2,5,4,2,4,,,5,1
Data Row 165,0.28,0.170377135,5,5,4,3,0,3,0,4,2,0,4,3,2,2,4,3,2,2,1,4,1,1,5,4,4,4,5,4,5,5,5,5,5,5,3,3,5,1,1,5,1
Data Row 166,0.28,-0.024213253,4,2,3,3,0,3,0,4,2,0,2,1,2,2,4,3,2,2,1,4,1,1,5,4,4,4,5,4,5,5,5,5,5,5,3,3,5,1,1,5,0
Data Row 167,0.33,0.329335153,4,4,5,4,5,1,1,1,1,1,5,3,2,5,5,3,5,2,3,3,2,3,2,5,4,4,4,3,5,5,5,5,5,5,3,5,5,,,5,1
Data Row 168,0.33,0.419275582,5,4,5,1,1,1,1,1,1,1,4,3,2,5,5,3,5,5,4,4,3,4,5,3,4,4,5,5,5,5,5,5,5,5,5,5,5,,,5,1
Data Row 169,0.35,0.05504062,4,3,4,4,0,3,4,0,0,0,2,3,2,3,3,3,2,2,1,1,1,1,5,2,4,4,3,3,5,5,3,5,5,5,4,3,5,0,0,5,0
Data Row 170,0.26,-0.03144154,3,2,2,3,3,3,4,0,0,0,1,4,2,1,4,3,3,3,1,1,1,1,4,4,4,4,3,3,5,4,5,5,5,5,4,4,5,1,1,5,0
Data Row 171,0.15,0.052779358,4,3,2,1,1,1,1,1,1,1,3,3,2,3,4,3,5,2,3,4,1,1,4,3,4,4,5,2,5,5,5,5,4,5,5,2,4,,,5,0
Data Row 172,0.05,0.048876069,4,2,3,4,4,1,1,1,1,1,2,3,2,1,4,3,4,2,3,3,1,1,4,3,4,4,3,4,5,3,5,4,3,5,3,4,4,,,5,0
Data Row 173,0.05,-0.077473156,5,4,4,3,3,3,3,1,1,1,4,3,2,3,4,3,2,3,1,5,1,1,5,5,4,4,4,3,5,5,4,5,5,5,3,3,4,,3,5,0
Data Row 174,0.12,0.278971821,5,5,5,5,0,5,5,0,0,0,2,3,2,2,5,3,2,2,4,1,1,3,4,4,4,4,4,2,5,5,5,5,5,5,4,3,5,1,1,5,1
Data Row 175,0.12,-0.019288627,3,2,2,2,3,3,3,4,4,4,2,3,2,2,4,3,4,2,1,2,1,1,4,5,4,4,4,2,5,5,5,5,5,5,4,4,5,0,0,5,0
Data Row 176,0.2,0.108627282,4,5,5,3,4,4,4,4,4,4,5,2,3,1,5,3,5,3,4,1,1,1,4,5,4,4,4,4,5,4,4,3,4,5,4,4,4,1,4,5,1
Data Row 177,0.4,0.153008863,3,4,4,3,4,4,4,0,0,0,3,3,2,2,4,3,1,3,1,2,1,1,3,3,4,4,1,4,5,1,1,1,1,5,2,3,4,1,4,5,1
Data Row 178,0.15,-0.048452966,3,2,4,3,3,2,2,1,1,1,2,3,2,1,4,3,2,3,5,5,1,1,5,3,4,4,3,2,5,4,5,5,5,5,3,3,3,,,5,0
Data Row 179,0.6,0.227183104,4,4,5,1,1,1,1,1,1,1,4,3,5,5,4,3,2,4,1,1,1,1,5,1,4,4,2,1,5,1,5,5,5,5,2,3,5,,,5,1
Data Row 180,0.26,0.045294933,3,4,5,1,1,1,1,1,1,1,1,3,4,3,3,3,2,2,1,1,1,1,4,3,4,4,3,2,5,5,3,5,5,5,1,3,5,,,5,0
Data Row 181,0.33,0.022684384,4,4,3,1,1,1,1,1,1,1,2,3,3,3,3,3,2,2,1,1,1,1,4,4,4,4,3,2,5,5,3,5,5,5,1,3,5,,,5,1
Data Row 182,0.75,0.401703268,5,5,5,1,1,1,1,1,1,1,5,3,2,5,5,3,5,2,1,1,1,1,5,3,4,4,5,5,5,5,5,5,5,5,4,5,3,,,5,1
Data Row 183,0.29,0.14223206,4,3,4,4,4,1,1,1,1,1,3,3,2,5,4,3,4,2,2,2,2,1,1,5,4,4,2,3,5,4,4,3,3,5,3,2,3,,,5,0
Data Row 184,0.17,0.149289578,4,3,2,5,4,5,4,4,3,3,2,4,2,1,4,3,4,2,3,1,1,1,4,5,4,4,4,2,5,5,5,5,5,5,4,4,5,0,0,5,0
Data Row 185,0.21,0.099077083,5,4,5,1,1,1,1,1,1,1,4,3,2,3,3,3,2,2,1,1,2,1,1,5,4,4,2,2,5,2,3,5,5,5,2,5,2,,,5,0
Data Row 186,0.22,0.195486531,4,3,3,4,4,4,4,1,1,1,4,3,2,3,4,3,3,3,1,1,1,1,5,3,4,4,4,3,5,4,5,5,5,5,4,3,4,,,5,0
Data Row 187,0.29,0.284130901,4,3,4,4,4,4,4,1,1,1,4,3,4,4,5,3,3,4,1,1,1,1,5,3,4,4,4,3,5,4,5,5,5,5,4,3,4,,,5,1
Data Row 188,0.29,0.055644296,4,4,2,4,3,4,3,0,0,0,2,4,2,2,4,3,2,2,1,3,1,1,4,4,4,4,4,2,5,5,5,4,5,5,3,4,5,0,0,5,0
Data Row 189,0.21,0.26754427,4,4,4,0,0,0,0,0,0,0,5,5,4,3,4,3,3,4,1,4,5,1,5,4,4,4,5,3,5,5,5,5,5,5,5,3,5,0,0,5,1
Data Row 190,0.33,-0.173633114,3,3,2,4,3,4,4,1,1,1,3,1,2,1,4,3,2,3,4,4,1,1,3,4,4,4,3,3,5,5,5,5,5,5,5,3,5,,,5,0
Data Row 191,0.3,0.017752284,4,3,4,4,3,4,4,1,1,1,3,3,2,2,4,3,2,3,4,4,1,1,2,4,4,4,4,3,5,5,4,5,5,5,4,3,5,,,5,1
Data Row 192,0.33,0.246005923,5,4,5,5,4,5,5,3,3,3,4,3,2,3,5,4,2,5,5,5,4,3,1,4,4,4,1,3,5,1,2,4,4,5,4,5,5,,2,5,1
Data Row 193,0.15,0.216950133,5,4,4,3,3,3,3,3,3,3,4,3,5,5,5,3,2,4,1,1,4,2,5,5,4,4,4,4,5,4,4,4,4,5,4,5,5,,,5,1
Data Row 194,0.15,-0.038917474,4,2,2,3,3,3,1,1,1,1,3,3,2,1,4,3,2,3,3,5,1,1,4,3,4,4,3,2,5,3,5,5,5,5,3,3,4,,,5,0
Data Row 195,0.36,0.100419752,4,3,4,0,0,0,0,0,0,0,3,4,2,2,3,3,2,2,1,5,1,1,4,5,4,4,5,2,5,5,5,5,5,5,4,4,5,0,0,5,1
Data Row 196,0.05,-0.019019565,3,2,2,4,4,1,1,1,1,1,3,3,4,3,3,3,2,3,1,1,2,1,1,5,4,4,2,2,5,2,5,2,1,5,2,2,2,,,5,0
Data Row 197,0.33,0.27693823,5,5,4,2,2,3,3,1,1,1,4,3,4,4,4,3,4,5,5,1,2,1,5,4,4,4,4,4,5,5,5,5,5,5,4,4,5,,,5,1
Data Row 198,0.18,-0.108787864,2,3,2,3,3,3,3,0,0,0,2,4,2,2,4,3,2,4,2,1,1,4,2,5,4,4,4,3,5,5,5,4,4,5,4,5,5,0,3,5,0
Data Row 199,0.35,0.048963435,4,3,4,4,5,5,5,5,3,4,3,3,4,5,5,4,4,4,4,5,5,3,4,5,4,5,5,3,5,1,1,1,1,5,4,4,4,1,4,5,0
Data Row 200,0.35,0.116877258,4,3,4,4,5,5,5,5,3,4,3,3,3,4,5,4,4,4,4,5,5,3,3,4,4,5,5,3,5,1,1,1,1,5,4,4,4,1,4,5,1
Data Row 201,0.6,0.210786983,5,4,3,5,4,4,5,1,1,1,5,3,3,4,5,3,4,3,4,5,3,3,4,4,4,4,2,3,5,5,5,5,5,5,4,3,5,,3,5,1
Data Row 202,0.6,0.268258363,5,4,3,5,5,5,5,1,1,1,5,3,3,4,5,3,4,3,4,5,3,3,4,4,4,4,2,3,5,5,5,5,5,5,4,3,5,,3,5,1
Data Row 203,0.6,0.17656523,5,4,3,4,4,4,5,1,1,1,5,3,3,4,5,3,4,3,4,5,3,3,4,4,4,4,2,3,5,5,5,5,5,5,4,3,5,,3,5,1
Data Row 204,0.36,0.283114493,3,2,3,4,4,4,4,0,0,0,4,4,5,4,4,3,3,3,1,4,1,1,4,4,4,4,5,3,5,5,5,5,5,5,4,3,5,1,1,5,1
Data Row 205,0.35,0.105756372,2,2,2,4,4,4,4,0,0,0,2,4,3,4,4,3,3,3,1,4,1,1,4,4,4,4,5,3,5,5,5,5,5,5,4,4,5,1,1,5,1
Data Row 206,0.25,0.068844214,4,1,2,4,4,4,4,1,1,1,4,1,3,1,4,3,4,2,1,1,1,1,2,5,4,4,4,3,5,5,5,5,5,5,4,4,4,1,1,5,1
Data Row 207,0.1,-0.078686059,4,4,3,2,3,3,3,3,3,3,2,4,3,3,3,3,3,2,1,2,1,1,4,5,4,4,3,2,5,5,3,5,5,5,3,3,3,,2,5,0
Data Row 208,0.05,-0.077522501,3,3,2,4,3,4,4,1,1,1,3,3,2,2,4,3,2,3,4,4,1,1,5,4,4,4,1,5,5,5,5,1,5,5,5,5,5,,,5,0
Data Row 209,0.15,-0.068327464,2,1,2,3,4,1,1,1,1,1,3,3,2,2,4,3,4,2,1,1,1,1,4,4,4,4,3,2,5,4,5,5,5,5,5,3,4,,,5,0
Data Row 210,0.33,0.030204983,5,3,2,1,1,1,1,1,1,1,3,3,2,2,4,3,4,4,3,5,2,2,4,3,4,4,5,2,5,3,4,5,5,5,3,3,4,,,5,1
Data Row 211,0.05,-0.02007742,4,2,3,1,1,1,1,1,1,1,3,3,2,2,4,3,3,4,1,3,1,1,3,4,4,4,2,2,5,3,4,4,2,5,2,2,3,,,5,0
Data Row 212,0.33,-0.027050465,4,2,2,1,1,1,1,1,1,1,3,3,2,2,3,3,4,4,3,2,2,2,4,3,4,4,5,2,5,3,4,5,5,5,3,3,4,,,5,0
Data Row 213,0.33,0.124412529,5,2,4,5,4,1,1,1,1,1,3,3,2,2,5,3,4,2,1,1,1,1,4,2,4,4,3,3,5,3,4,5,4,5,2,3,5,,,5,1
Data Row 214,0.33,0.1326022,3,2,4,5,4,3,3,4,4,4,3,3,2,4,3,3,2,3,1,1,1,1,3,3,4,4,5,3,5,5,5,4,3,5,5,3,4,,,5,1
Data Row 215,0.15,0.156615078,4,4,4,1,1,1,1,1,1,1,4,3,2,1,5,3,2,5,1,1,1,1,5,5,4,4,5,3,5,5,5,5,5,5,1,5,4,,,5,1
Data Row 216,0.05,0.153038353,4,3,2,1,1,1,1,1,1,1,4,4,4,5,5,3,2,2,3,5,2,4,1,5,4,4,3,2,5,4,4,4,4,5,4,3,5,,,5,0
Data Row 217,0.15,0.032852799,4,3,3,1,1,1,1,1,1,1,3,3,2,2,4,3,3,3,2,3,1,1,2,5,4,4,3,3,5,3,5,4,3,5,3,2,4,,,5,1
Data Row 218,0.05,0.036187116,4,3,3,3,3,3,4,3,3,3,3,4,2,1,3,3,2,2,1,2,1,1,1,5,4,4,3,3,5,4,5,5,5,5,4,4,4,,,5,0
Data Row 219,0.08,0.103588648,4,3,3,5,5,4,5,1,1,1,3,2,2,1,4,3,2,3,4,4,1,1,5,4,4,4,3,3,5,5,5,5,3,5,5,3,5,,,5,0
Data Row 220,0.16,-0.011117171,4,4,4,2,2,2,2,0,0,0,3,4,2,2,4,3,4,2,1,4,1,1,1,1,4,4,2,3,5,5,5,5,3,5,4,4,5,0,0,5,0
Data Row 221,0.2,0.272342145,4,3,5,5,5,4,5,0,0,0,3,4,2,2,4,3,4,2,1,4,1,1,5,5,4,4,2,3,5,5,5,5,3,5,4,4,5,0,0,5,1
Data Row 222,0.4,0.254848391,4,5,5,4,3,3,4,0,0,0,5,3,4,2,4,3,2,2,3,4,1,1,4,3,4,4,4,3,5,4,3,5,5,5,4,4,5,1,1,5,1
Data Row 223,0.58,-0.224045858,3,2,2,2,2,2,2,0,0,0,2,3,2,1,3,3,1,3,1,1,1,1,3,3,4,4,5,3,5,1,1,1,5,5,3,3,4,5,3,5,0
Data Row 224,0.6,0.335192174,4,4,5,5,4,4,4,1,1,1,4,3,2,3,5,3,4,3,5,4,1,1,5,5,4,4,5,4,5,5,5,5,5,5,5,4,5,,,5,1
Data Row 225,0.14,0.029890945,4,3,4,0,0,0,0,0,0,0,3,3,1,1,3,3,2,3,1,1,1,1,1,5,5,4,2,5,5,1,5,2,5,5,3,2,5,1,1,5,0
Data Row 226,0.05,0.341675192,4,5,4,5,4,1,1,1,1,1,5,3,3,4,5,3,5,5,1,1,1,5,5,4,4,4,3,2,5,3,3,5,4,5,4,4,5,,,5,1
Data Row 227,0.29,-0.077559277,3,2,2,2,3,3,2,0,0,0,3,3,3,2,3,3,1,3,1,1,1,3,4,4,4,4,1,3,5,1,1,1,1,5,4,4,5,1,3,5,1
Data Row 228,0.21,0.20126082,4,4,4,4,3,4,5,4,4,0,3,3,2,3,4,3,2,2,1,1,1,1,5,4,4,4,4,2,5,5,5,5,5,5,5,4,5,0,0,5,1
Data Row 229,0.33,0.236396983,5,4,4,4,4,1,1,1,1,1,4,3,2,4,4,3,3,4,4,2,1,1,5,5,4,4,3,3,5,3,5,4,2,5,3,2,4,,,5,1
Data Row 230,0.33,0.030791402,4,3,4,3,3,1,1,1,1,1,2,3,2,1,4,3,2,4,4,2,1,1,2,5,4,4,4,2,5,3,5,4,2,5,2,2,4,,,5,1
Data Row 231,0.25,-0.066769868,3,2,4,2,3,2,2,0,0,0,3,5,2,1,3,3,1,3,3,1,1,1,2,5,4,4,1,2,5,1,1,1,1,5,2,2,4,1,2,5,0
Data Row 232,0.23,0.151071146,3,4,5,4,5,5,5,5,5,4,3,5,5,3,5,3,4,4,4,5,4,3,4,3,4,4,4,3,5,1,1,1,1,5,4,4,5,1,4,5,1
Data Row 233,0.21,0.247185543,5,3,5,5,4,5,5,5,5,4,4,5,5,4,4,3,4,4,4,4,4,3,3,3,4,4,4,3,5,4,5,5,5,5,4,4,4,1,1,5,1
Data Row 234,0.15,0.067249723,5,3,4,4,3,4,4,4,4,3,3,3,3,2,4,3,3,3,1,1,1,3,3,4,5,4,4,2,5,4,5,5,5,5,4,3,5,1,1,5,0
Data Row 235,0.16,0.165108144,2,3,3,4,4,4,4,0,0,0,4,4,2,1,5,3,0,3,1,1,0,1,5,1,4,4,0,3,5,0,0,0,0,5,4,3,4,0,3,5,1
Data Row 236,0.3,0.061426826,3,4,1,5,5,2,1,4,4,4,3,4,2,2,4,3,4,2,1,5,1,1,5,2,4,4,5,4,5,5,5,5,5,5,4,4,5,0,0,5,0
Data Row 237,0.2,0.04821834,4,2,3,1,1,1,1,1,1,1,3,3,3,2,4,3,2,3,1,1,1,1,1,5,4,4,4,3,5,5,5,5,5,5,5,4,5,1,1,5,0
Data Row 238,0.1,0.09232413,5,5,5,4,3,4,4,1,1,1,3,2,2,2,4,3,2,3,4,4,1,1,5,4,4,4,5,2,5,5,5,5,5,5,4,4,4,,,5,0
Data Row 239,0.22,0.206222609,5,5,5,4,3,4,4,1,1,1,5,3,2,2,4,3,2,3,4,4,1,1,5,4,4,4,5,2,5,5,5,5,5,5,4,4,4,,,5,1
Data Row 240,0.33,0.12407504,5,5,5,4,3,4,4,1,1,1,3,3,2,2,4,3,2,3,4,4,1,1,5,4,4,4,5,2,5,5,5,5,5,5,4,4,4,,,5,1
Data Row 241,0.2,-0.028556064,2,2,2,4,4,3,2,4,4,3,2,4,2,1,4,3,3,3,2,2,1,1,4,4,4,4,4,2,5,4,5,4,5,5,4,4,5,1,1,5,0
Data Row 242,0.15,-0.017979544,3,2,4,3,3,3,4,1,1,1,2,2,2,1,3,3,2,3,1,1,1,1,2,4,4,4,4,2,5,3,4,5,5,5,4,3,4,1,1,5,1
Data Row 243,0.1,0.129753381,4,3,4,4,3,4,4,4,3,3,4,3,4,2,4,3,2,3,1,5,1,1,1,5,4,4,3,2,5,4,4,3,3,5,4,4,4,1,1,5,0
Data Row 244,0.07,-0.053136349,4,2,2,4,4,4,4,0,0,0,1,2,3,1,4,3,2,2,1,1,1,1,1,5,4,4,1,2,5,2,4,4,3,5,2,2,5,1,1,5,0
Data Row 245,0.15,0.262386382,5,4,4,4,4,4,4,1,1,1,4,2,2,2,5,3,3,3,1,4,1,5,4,3,4,4,5,3,5,5,5,5,5,5,3,4,5,1,1,5,1
Data Row 246,0.21,0.019215498,4,2,3,3,3,3,4,4,3,3,2,3,2,2,4,3,0,3,3,1,0,1,1,5,4,4,0,2,5,0,0,0,0,5,3,4,5,0,4,5,0
Data Row 247,0.1,-0.028946143,5,2,2,4,3,3,4,0,0,0,1,3,2,2,3,3,0,3,1,3,0,1,1,5,4,4,0,3,5,0,0,0,0,5,3,4,5,0,4,5,0
Data Row 248,0.25,0.359740019,5,4,4,5,3,5,5,1,1,1,4,4,5,4,4,3,2,3,4,5,1,2,2,3,4,4,4,3,5,5,5,5,5,5,4,4,5,1,1,5,1
Data Row 249,0.25,0.255954444,5,4,4,4,3,4,4,4,4,3,3,5,4,3,4,3,2,3,4,5,1,2,2,3,4,4,1,3,5,1,1,1,1,5,4,4,5,1,4,5,1
Data Row 250,0.33,0.045644686,4,3,4,3,3,3,3,3,3,3,3,3,2,2,4,3,2,2,4,2,1,1,2,3,4,4,4,2,5,3,5,5,5,5,3,3,4,,,5,0
Data Row 251,0.1,-0.10314209,5,2,4,3,3,3,3,0,0,0,2,2,2,2,4,3,2,3,1,1,1,1,5,5,4,4,4,4,5,1,5,3,4,5,5,2,4,1,1,5,0
Data Row 252,0.75,0.207827166,4,4,4,4,3,3,3,4,4,3,3,3,3,3,4,3,4,3,3,5,1,2,5,4,4,4,5,5,5,5,5,5,5,5,4,4,5,1,1,5,1
Data Row 253,0.14,0.189764246,4,2,3,4,4,4,4,3,4,4,3,4,3,4,4,3,4,2,2,1,1,3,5,4,4,4,4,3,5,4,4,2,4,5,4,4,5,,,5,1
Data Row 254,0.31,0.125037104,4,3,3,4,4,4,4,2,4,3,4,3,2,2,4,3,3,2,1,3,2,2,3,4,4,4,2,3,5,4,4,5,5,5,3,3,2,0,0,5,1
Data Row 255,0.1,-0.195144519,5,4,4,3,2,2,2,1,1,1,4,3,2,3,4,3,2,3,1,5,1,1,5,5,4,4,4,3,5,5,4,5,5,5,3,3,4,,3,5,0
Data Row 256,0.05,-0.05785124,3,3,2,4,4,3,3,1,1,1,1,2,2,1,4,3,2,3,1,1,1,1,1,5,4,4,2,2,5,5,5,5,5,5,5,3,5,,,5,0
Data Row 257,0.15,0.105894625,4,3,5,1,1,1,1,1,1,1,4,3,2,3,4,3,2,2,1,5,1,1,4,5,4,4,4,2,5,4,4,4,4,5,2,4,5,,,5,1
Data Row 258,0.15,0.114256568,4,3,5,1,1,1,1,1,1,1,4,3,2,3,4,3,2,2,1,5,1,1,4,5,4,4,4,2,5,4,4,4,2,5,2,4,5,,,5,1
Data Row 259,0.15,-0.014430795,3,2,3,1,1,1,1,1,1,1,3,3,2,2,3,3,2,2,1,4,1,1,3,3,4,4,4,2,5,4,4,4,4,5,3,4,5,,,5,0
Data Row 260,0.51,0.415753722,5,4,5,5,5,5,5,0,0,0,4,5,2,2,4,3,5,2,5,1,1,2,5,2,4,4,5,3,5,5,5,5,5,5,4,5,5,0,0,5,1
Data Row 261,0.43,0.080449842,4,5,3,4,2,4,3,4,4,1,2,2,2,1,4,3,1,2,4,3,1,1,4,4,4,4,3,5,5,3,5,5,5,5,4,4,4,1,1,5,0
Data Row 262,0.34,0.191107988,4,5,4,5,3,5,3,4,4,1,3,2,2,1,4,3,1,2,4,3,1,1,4,4,4,4,3,5,5,3,5,5,5,5,4,4,5,1,3,5,1
Data Row 263,0.31,0.191107988,4,5,4,5,3,5,3,4,4,1,3,2,2,1,4,3,1,2,4,3,1,1,4,4,4,4,3,5,5,3,5,5,5,5,4,4,5,1,3,5,0
Data Row 264,0.15,0.00729364,3,2,2,4,4,1,1,1,1,1,3,3,2,1,4,3,4,2,1,3,1,2,2,5,4,4,3,3,5,5,4,3,5,5,4,4,3,,,5,0
Data Row 265,0.07,0.009977618,3,3,2,4,4,3,3,4,3,4,3,3,2,2,4,3,3,2,1,1,1,1,1,5,4,4,3,2,5,5,5,5,5,5,3,3,4,0,0,5,0
Data Row 266,0.3,0.070080414,4,3,5,3,3,3,3,0,0,0,3,3,2,2,4,3,3,2,4,2,1,1,4,4,4,4,4,3,5,5,5,5,5,5,3,2,2,1,1,5,1
Data Row 267,0.12,0.025189146,4,3,3,4,3,4,3,0,0,0,1,3,2,2,3,3,2,2,1,1,1,2,5,4,4,4,3,2,5,5,5,5,3,5,4,5,3,0,0,5,1
Data Row 268,0.33,0.32067734,4,4,5,5,5,5,5,5,5,4,5,5,5,4,5,4,4,5,4,5,4,3,4,4,4,4,4,4,5,1,1,1,1,5,4,4,5,1,4,5,1
Data Row 269,0.21,0.113748491,3,4,3,4,4,4,4,0,0,0,1,3,2,2,3,3,2,2,1,1,1,2,5,5,4,4,3,3,5,5,5,5,4,5,5,5,5,0,0,5,0
Data Row 270,0.15,-0.108767867,3,2,3,2,3,2,2,0,0,0,3,3,2,1,3,3,1,2,1,1,1,1,2,5,4,4,1,3,5,1,1,1,1,5,3,3,3,1,3,5,0
Data Row 271,0.26,0.044802316,4,2,4,3,3,3,3,0,0,0,2,2,1,2,5,3,2,2,4,3,1,1,4,5,4,4,3,3,5,5,5,5,5,5,4,4,5,1,1,5,0
Data Row 272,0.2,0.159376651,4,3,3,4,4,4,4,4,4,4,2,3,3,3,4,3,4,2,3,1,1,1,2,4,4,4,4,3,5,3,5,4,4,5,4,4,3,1,1,5,1
Data Row 273,0.15,0.279694855,5,4,3,5,5,1,1,1,1,1,5,3,5,5,4,3,3,5,1,1,1,3,1,5,4,4,3,3,5,4,4,4,3,5,4,4,4,,,5,1
Data Row 274,0.14,0.042792682,3,3,4,3,3,4,3,0,0,0,2,4,2,2,3,3,0,3,1,1,0,1,2,3,4,4,0,2,5,0,0,0,0,5,5,4,5,0,4,5,0
Data Row 275,0.1,0.026492849,5,4,4,4,3,4,4,1,1,1,3,3,2,2,4,3,2,3,4,4,1,1,2,4,4,4,3,2,5,5,4,5,5,5,4,4,4,,,5,0
Data Row 276,0.33,0.088610135,4,4,4,1,1,1,1,1,1,1,3,3,3,3,3,3,2,2,2,5,1,1,5,2,4,4,2,3,5,3,3,5,5,5,1,3,3,,,5,1
Data Row 277,0.21,0.081523821,4,4,4,1,1,1,1,1,1,1,3,3,3,3,3,3,2,2,2,5,1,1,1,5,4,4,2,3,5,3,3,5,5,5,1,3,3,,,5,0
Data Row 278,0.08,0.071334861,5,3,5,4,3,3,3,0,0,0,2,4,2,1,4,3,4,5,2,1,5,5,1,5,5,5,2,2,5,5,5,5,5,5,4,5,5,0,0,5,0
Data Row 279,0.16,-0.049806353,2,2,2,3,2,1,1,1,1,1,3,3,4,2,4,3,4,2,1,1,1,1,4,4,4,4,3,2,5,4,5,5,5,5,5,5,5,,,5,0
Data Row 280,0.15,-0.0427587,5,3,3,4,1,2,2,1,1,1,1,3,2,2,3,3,2,3,1,5,1,1,4,2,4,4,3,2,5,5,5,5,5,5,4,4,5,,,5,0
Data Row 281,0.33,0.150655478,4,3,4,1,1,1,1,1,1,1,4,3,2,2,4,3,2,3,4,1,1,1,5,4,4,4,4,4,5,5,5,5,5,5,3,3,2,,,5,1
Data Row 282,0.31,0.140348777,4,3,4,4,4,4,4,0,0,0,3,2,2,2,4,3,4,2,1,1,1,1,4,4,4,4,3,3,5,5,5,5,5,5,5,3,5,0,0,5,1
Data Row 283,0.43,0.071510993,4,3,2,4,3,3,3,0,0,0,4,5,2,3,3,3,2,2,1,1,1,1,5,4,4,4,4,2,5,3,5,4,5,5,4,4,3,0,0,5,1
Data Row 284,0.49,0.272106349,4,4,5,3,3,3,3,3,3,3,5,3,3,4,5,3,5,5,5,5,2,3,4,5,4,4,5,3,5,5,5,5,4,5,2,2,5,,,5,1
Data Row 285,0.1,-0.025556142,4,3,4,4,3,2,3,0,0,0,2,3,2,1,3,3,2,2,1,3,1,1,1,5,4,4,2,2,5,5,5,5,5,5,4,4,5,0,0,5,0
Data Row 286,0.15,0.062689558,4,2,3,4,4,4,4,4,4,4,4,4,2,1,4,3,3,3,1,1,1,1,2,5,4,4,4,3,5,4,5,5,5,5,4,3,5,1,3,5,0
Data Row 287,0.5,0.249622464,4,3,4,4,4,3,3,0,0,0,4,4,4,2,4,3,5,2,1,4,1,1,4,5,4,4,5,3,5,4,5,5,5,5,4,4,4,1,1,5,0
Data Row 288,0.25,0.048046578,4,2,2,4,3,3,3,0,0,0,2,4,2,2,4,3,5,2,4,4,1,1,4,5,4,4,5,2,5,5,5,5,5,5,3,2,5,1,1,5,0
Data Row 289,0.65,0.172992185,4,2,3,4,4,4,4,0,0,0,3,4,2,2,4,3,2,2,4,4,1,1,5,5,4,4,4,3,5,4,5,5,5,5,4,1,4,1,1,5,1
Data Row 290,0.6,0.075376421,4,2,4,3,3,3,4,1,1,1,3,3,2,1,3,3,2,3,4,1,1,1,5,4,4,4,5,4,5,5,5,5,5,5,3,3,5,1,5,5,1
Data Row 291,0.2,0.062941365,4,3,2,4,4,4,4,0,0,0,2,4,2,1,4,3,1,3,1,1,1,1,4,5,4,4,1,2,5,1,1,1,1,5,4,4,3,1,4,5,1
Data Row 292,0.07,0.077850156,4,4,3,4,3,5,5,0,0,0,3,4,2,2,3,3,3,3,3,1,1,1,5,5,4,4,2,2,5,2,5,5,5,5,2,2,4,0,2,5,0
Data Row 293,0.32,0.182833984,4,4,3,0,0,0,0,0,0,0,4,5,2,2,4,3,2,2,2,1,1,1,5,4,4,4,4,4,5,4,5,5,5,5,4,4,4,0,0,5,1
Data Row 294,0.15,0.110327609,5,4,3,4,4,4,4,4,4,4,4,3,3,2,4,3,2,3,5,5,2,3,4,5,4,4,3,3,5,5,5,5,5,5,4,5,5,,,5,0
Data Row 295,0.39,-0.109179482,3,2,1,3,3,2,2,0,0,0,2,3,2,1,4,3,2,2,5,5,1,1,5,1,4,4,3,2,5,5,5,5,5,5,4,5,3,0,0,5,0
Data Row 296,0.13,-0.024530264,4,3,2,3,3,3,3,3,3,3,3,3,2,2,3,3,3,2,1,2,1,1,2,5,4,4,3,2,5,3,5,5,5,5,2,5,5,0,0,5,0
Data Row 297,0.2,0.17611073,4,4,3,0,0,0,0,0,0,0,4,5,4,4,3,3,2,2,1,1,1,1,1,5,4,4,3,3,5,5,5,5,5,5,3,4,5,0,0,5,1
Data Row 298,0.12,-0.064819403,4,3,3,3,4,4,4,4,4,3,4,4,2,2,3,3,2,3,2,4,1,1,1,5,4,4,3,2,5,0,5,3,5,5,3,3,5,0,3,5,0
Data Row 299,0.16,0.141943946,4,4,4,4,4,4,4,4,4,4,2,3,2,2,3,3,2,2,1,1,1,1,5,5,4,4,2,3,5,5,5,5,4,5,2,3,5,0,0,5,0
Data Row 300,0.15,0.145269543,4,3,4,4,4,4,4,4,4,4,1,4,2,2,3,3,2,2,4,4,1,1,5,4,4,4,2,2,5,4,5,5,5,5,3,3,5,0,0,5,1
Data Row 301,0.45,0.206298545,3,4,4,4,3,5,4,0,0,0,4,5,2,3,3,3,0,3,1,1,0,1,4,4,4,4,0,2,5,0,0,0,0,5,2,4,5,0,4,5,1
Data Row 302,0.4,0.1029661,3,2,4,3,4,3,4,4,4,4,3,5,2,2,3,3,0,3,1,1,0,2,5,4,4,4,0,2,5,0,0,0,0,5,3,3,5,0,3,5,1
Data Row 303,0.2,0.215872005,4,3,5,4,3,4,4,4,4,3,4,4,2,3,4,3,4,3,1,1,1,2,4,5,5,4,4,2,5,2,5,5,5,5,5,4,5,0,0,5,1
Data Row 304,0.16,0.080721714,4,4,4,4,4,4,3,5,4,4,4,4,2,3,4,3,4,3,4,4,1,2,5,5,4,4,4,2,5,4,5,5,5,5,3,3,5,0,5,5,0
Data Row 305,0.16,0.242699876,4,3,4,5,4,4,4,0,0,0,4,4,2,4,4,3,0,3,1,1,0,1,4,4,4,4,0,2,5,0,0,0,0,5,3,4,5,0,4,5,1
Data Row 306,0.08,0.009566719,4,3,3,4,3,3,4,4,3,0,2,3,2,1,4,3,0,2,1,1,0,1,1,5,4,4,0,2,5,0,0,0,0,5,3,4,5,0,3,5,1
Data Row 307,0.23,0.096112795,4,4,3,0,0,0,0,0,0,0,3,4,2,2,4,3,3,3,1,1,1,1,5,4,4,4,3,2,5,4,5,5,5,5,3,4,5,0,0,5,0
Data Row 308,0.1512,0.08573892,5,3,4,3,3,5,5,0,0,0,2,3,2,2,3,3,0,3,1,5,0,1,1,5,4,4,0,2,5,0,0,0,0,5,4,2,5,0,3,5,0
Data Row 309,0.14,0.079506859,5,3,4,4,3,4,4,0,0,0,2,3,2,2,3,3,0,3,1,5,0,1,1,5,4,4,0,3,5,0,0,0,0,5,4,4,5,0,3,5,0
Data Row 310,0.23,0.059147172,4,1,4,4,4,4,4,0,0,0,1,3,2,1,4,3,0,2,1,3,0,1,5,2,4,4,0,1,5,0,0,0,0,5,4,4,5,0,5,5,0
Data Row 311,0.13,-0.066030458,3,3,3,3,2,3,3,0,0,0,1,3,2,1,3,3,4,2,1,1,1,2,1,5,4,4,2,2,5,5,5,5,5,5,3,4,5,0,0,5,0
Data Row 312,0.19,-0.019995006,4,2,2,4,5,4,4,0,0,0,4,4,3,2,4,3,3,3,3,1,1,1,5,5,4,4,3,2,5,5,4,5,5,5,5,4,5,0,4,5,0
Data Row 313,0.21,0.291655153,5,4,5,5,4,4,4,5,5,4,5,5,2,3,4,3,2,2,1,4,1,2,1,5,4,4,4,3,5,5,5,5,4,5,3,4,5,0,0,5,1
Data Row 314,0.18,0.163874924,4,3,3,4,3,3,3,4,4,4,4,5,4,2,3,3,2,2,4,4,1,1,1,5,4,4,3,3,5,5,5,5,5,5,4,4,5,0,0,5,1
Data Row 315,0.16,0.030275026,4,4,3,4,3,4,4,5,4,4,1,3,2,2,4,3,2,3,5,5,1,1,1,5,4,4,3,2,5,5,5,4,5,5,3,4,5,0,3,5,0
Data Row 316,0.20736,0.277199894,4,4,5,3,3,4,4,0,0,0,5,3,3,3,5,3,0,3,1,1,0,1,2,5,4,4,0,4,5,0,0,0,0,5,5,3,4,0,5,5,1
Data Row 317,0.34,0.203318805,4,2,3,4,3,4,4,0,0,0,3,4,3,4,4,3,2,2,4,4,1,1,5,5,4,4,3,3,5,5,5,5,5,5,5,5,3,0,0,5,1
Data Row 318,0.15,0.10743288,3,3,4,4,3,4,4,0,0,0,3,3,2,2,3,3,2,2,1,1,1,3,5,4,4,4,4,4,5,4,4,5,5,5,5,1,3,1,1,5,0
Data Row 319,0.26,-0.051010329,2,2,2,3,3,3,3,0,0,0,3,5,2,2,4,3,2,2,1,1,1,1,4,4,4,4,1,2,5,4,5,4,5,5,4,3,5,0,0,4,1
Data Row 320,0.11,0.033670053,4,4,4,3,3,4,4,4,4,3,3,4,2,3,3,3,2,2,1,1,1,1,1,5,4,4,2,3,5,2,4,4,5,5,3,2,5,0,2,4,0
Data Row 321,0.35,0.069781467,4,4,5,3,3,4,4,0,0,0,5,4,4,2,3,3,0,4,1,1,0,1,4,4,4,4,0,2,5,0,0,0,0,5,4,4,4,0,4,4,0
Data Row 322,0.46,0.284954339,4,5,4,4,3,5,4,0,0,0,4,5,2,2,3,3,4,2,1,1,1,1,5,4,4,4,4,4,5,5,5,5,5,5,4,4,5,0,0,3,1
Data Row 323,0.17,0.40432182,5,5,4,4,5,5,5,0,0,0,5,5,5,5,4,3,3,2,5,5,2,4,1,5,4,4,3,3,5,4,5,4,4,5,5,5,5,0,0,5,1
Data Row 324,0.17,0.197158352,4,4,4,4,4,4,4,0,0,0,3,4,2,2,4,3,2,2,1,5,1,1,5,3,4,4,5,4,5,5,5,5,4,5,4,3,4,0,0,5,1
Data Row 325,0.26,0.312912643,4,5,4,4,3,3,4,0,0,0,4,5,5,4,4,3,2,2,5,4,1,2,1,1,4,4,4,3,5,5,5,5,2,5,5,5,5,0,0,5,1
Data Row 326,0.19,0.135232911,3,4,4,4,4,4,4,0,0,0,2,4,2,2,3,3,5,2,1,1,1,1,5,4,4,4,4,2,5,4,5,5,5,5,5,3,5,0,0,3,1
Data Row 327,0.19,0.086175971,3,4,4,3,3,4,4,0,0,0,2,4,2,2,3,3,5,2,1,1,1,1,5,4,4,4,4,2,5,4,5,5,5,5,2,3,5,0,0,3,0
Data Row 328,0.65,0.116257221,4,3,3,3,3,3,3,0,0,0,4,5,2,2,3,3,2,3,1,1,1,1,5,5,4,4,5,4,5,4,5,5,5,5,4,4,4,0,0,5,1
Data Row 329,0.21,-0.014530038,4,4,3,4,4,4,4,0,0,0,3,3,2,3,4,3,5,3,1,2,1,1,4,4,4,4,4,4,5,5,5,5,5,5,4,4,5,0,4,3,0
Data Row 330,0.31,0.14757672,4,3,4,4,4,4,4,0,0,0,3,3,2,1,4,3,5,2,1,2,1,1,4,4,4,4,4,4,5,4,5,5,5,5,4,3,4,0,0,3,1
Data Row 331,0.26,0.192975461,5,4,4,4,4,4,4,0,0,0,3,5,2,1,3,3,2,2,4,1,1,1,1,5,4,4,3,3,5,4,4,5,4,5,3,4,5,0,0,3,1
Data Row 332,0.11,0.053859226,3,3,3,4,3,3,3,4,3,3,4,5,2,2,4,3,2,3,5,5,4,5,5,4,4,4,3,3,5,5,5,5,5,5,4,5,5,0,3,5,0
Data Row 333,0.31,0.077227615,4,3,4,0,0,0,0,0,0,0,3,5,2,1,3,3,2,2,3,1,1,1,5,5,4,4,3,3,5,5,5,5,5,5,3,4,2,0,0,3,1
Data Row 334,0.4,0.237286851,4,4,3,4,4,4,5,4,4,0,4,5,3,2,3,3,2,2,1,5,1,1,4,5,4,4,3,3,5,3,4,5,5,5,4,4,5,0,0,3,1
Data Row 335,0.4,0.160737544,4,4,4,3,3,3,4,4,3,0,4,5,3,2,3,3,2,2,1,5,1,1,4,5,4,4,3,3,5,3,4,5,5,5,4,4,5,0,0,3,0
Data Row 336,0.29,0.193087533,4,2,3,4,4,4,4,0,0,0,2,4,2,2,3,3,3,2,5,5,1,1,5,1,4,4,4,4,5,5,5,5,5,5,4,4,5,0,0,4,0
Data Row 337,0.13,0.128353342,5,4,4,4,3,4,4,4,4,3,3,2,2,2,3,3,2,2,1,5,1,1,1,5,4,4,2,2,5,4,3,4,4,5,4,3,5,0,0,4,1
Data Row 338,0.23,0.206880927,4,4,5,0,0,0,0,0,0,0,4,5,4,4,3,3,2,2,1,1,5,1,1,5,4,4,4,3,5,4,4,4,4,5,5,4,5,0,0,3,1
Data Row 339,0.22,0.212141395,4,4,4,4,4,5,5,0,0,0,2,4,2,2,4,3,0,3,1,4,0,1,3,4,4,4,0,4,5,0,0,0,0,5,4,4,4,0,4,4,1
Data Row 340,0.24,0.132154465,4,3,3,5,3,5,3,0,0,0,3,3,2,2,4,3,0,3,2,1,0,2,4,5,4,4,0,2,5,0,0,0,0,5,4,5,5,0,4,3,0
Data Row 341,0.24,0.143695816,4,4,4,0,0,0,0,0,0,0,4,4,2,4,3,3,2,2,1,1,1,1,5,5,4,4,4,3,5,5,3,5,5,5,3,5,5,0,0,4,1
Data Row 342,0.31,0.468701988,5,4,5,4,4,5,5,0,0,0,5,5,4,5,4,3,4,3,1,5,1,1,4,5,4,4,5,4,5,5,5,5,5,5,4,4,5,0,0,4,1
Data Row 343,0.34,0.232553318,4,4,2,4,4,4,3,4,5,4,4,4,3,4,4,3,4,2,3,5,1,3,1,5,4,4,5,3,5,4,5,4,5,5,3,4,5,0,0,4,1
Data Row 344,0.22,0.01249837,3,3,4,3,2,3,3,0,0,0,3,4,3,2,3,3,0,4,3,1,0,1,4,4,4,4,0,3,5,0,0,0,0,5,4,3,3,0,3,2,0
Data Row 345,0.25,0.203675538,4,4,4,4,4,5,4,4,4,3,3,5,2,2,4,3,2,2,1,1,1,1,5,1,4,4,3,3,5,5,4,4,5,5,4,4,5,0,0,4,0
Data Row 346,0.13,-0.117451683,1,3,2,4,2,4,3,0,0,0,1,0,0,0,4,3,0,0,1,1,0,0,1,5,4,4,5,0,5,0,0,0,3,5,2,2,4,5,0,1,0
Data Row 347,0.3,0.081518203,4,3,2,5,3,3,3,0,0,0,3,5,2,2,3,3,2,2,3,5,1,1,5,1,4,4,5,3,5,5,5,5,5,5,2,5,5,0,0,5,1
Data Row 348,0.41,0.072581083,4,4,2,4,2,4,4,4,4,2,4,3,2,2,4,3,3,2,1,4,1,1,5,2,4,4,4,1,5,4,5,5,5,5,4,2,5,0,0,4,0
Data Row 349,0.1,0.075154163,4,4,3,4,3,4,4,0,0,0,2,3,2,1,4,3,2,2,1,1,1,4,5,2,4,4,4,3,5,4,4,5,2,5,4,3,5,0,0,3,0
Data Row 350,0.32,0.141701534,4,2,4,0,0,0,0,0,0,0,3,5,2,3,4,3,4,2,1,4,1,1,5,3,4,4,5,3,5,5,5,5,5,5,4,5,4,0,0,4,1
Data Row 351,0.16,0.119604327,4,4,3,4,4,4,4,4,4,3,3,3,2,2,3,3,2,2,1,1,1,1,2,4,4,4,3,2,5,5,5,4,4,5,3,4,4,0,0,5,0
Data Row 352,0.43,-0.012648887,3,2,2,2,3,3,3,0,0,0,2,5,3,1,3,3,2,2,1,3,1,1,4,4,4,4,5,2,5,4,5,5,5,5,3,5,5,0,0,5,1
