Prospect/ zone: ,Pg,DHI Index after data adjustment,Amplitude change,Consistency within mapped target area,Anomalies outside closure,AVO observations,Change in AVO compared to model,"Excluding possible stacked pays, is the AVO ",Is event anomalous outside,IG trend definition,IG anomaly definition,HC caused IG anomaly?,Downdip conformance,Lateral conformance,Flat Spot,Frequency/Character change,Signature match vs expected,Shear wave seismic data,Amplitude correspondence with fluid substitution modeling,Interval velocity,Similar indicators on other parts of closure,Multiple stacked indicators,Velocity pull-down,Amplitude and frequency shadow,Indicators proven nearby?,Indicators disproved nearby?,Sealing capacity,Late trap preservation,Soft Lithology,High Porosity Wet Sands,Low Saturation Gas,Hard Streak,Overpressure Causing Amplitude,"Salt, Volcanics or Carbonates",Diagenetic Boundary Or Unconformity,CO2 or Nitrogen,Tuning Effects,Lateral Lithology Or Thickness Change,Imaging Complications,Soft Streak,Lithology Effect,Unexpected Change Shale,Success or Fail
Preikestolen Prospect - CSEM,0.26,0.31291264295578003,4.0,5.0,4.0,4.0,3.0,3.0,4.0,0.0,0.0,0.0,4.0,5.0,5.0,4.0,4.0,3.0,2.0,2.0,5.0,4.0,1.0,2.0,1.0,1.0,4.0,4.0,4.0,3.0,5.0,5.0,5.0,5.0,2.0,5.0,5.0,5.0,5.0,0.0,0.0,5.0,1
Test Prospect,0.09,0.2986111640930176,4.0,3.0,4.0,5.0,5.0,5.0,5.0,5.0,5.0,3.0,4.0,3.0,3.0,5.0,5.0,4.0,4.0,3.0,1.0,1.0,2.0,2.0,1.0,5.0,4.0,4.0,3.0,3.0,5.0,5.0,4.0,5.0,5.0,5.0,5.0,4.0,3.0,0.0,0.0,5.0,1
Deep Flex Trend Prospect,0.17,0.12971723079681396,4.0,4.0,2.0,4.0,4.0,4.0,4.0,4.0,4.0,0.0,3.0,4.0,2.0,2.0,4.0,3.0,3.0,2.0,1.0,1.0,1.0,1.0,3.0,5.0,4.0,4.0,4.0,3.0,5.0,5.0,5.0,5.0,5.0,5.0,3.0,3.0,4.0,0.0,0.0,4.0,1
Mentorc Prospect,0.36,0.06734728813171387,4.0,4.0,2.0,3.0,3.0,3.0,4.0,0.0,0.0,0.0,4.0,5.0,3.0,2.0,3.0,3.0,2.0,2.0,1.0,1.0,1.0,1.0,1.0,3.0,4.0,4.0,5.0,3.0,5.0,3.0,5.0,5.0,5.0,5.0,3.0,3.0,5.0,0.0,0.0,3.0,1
Dunlop Prospect,0.16,0.0597824901342392,4.0,4.0,3.0,3.0,3.0,3.0,3.0,0.0,0.0,0.0,3.0,3.0,2.0,2.0,3.0,3.0,2.0,2.0,3.0,1.0,1.0,1.0,5.0,5.0,4.0,4.0,5.0,3.0,5.0,5.0,5.0,5.0,5.0,5.0,3.0,3.0,5.0,0.0,0.0,3.0,0
Engie Strat Trap ,0.16,0.17133626341819763,4.0,4.0,4.0,4.0,4.0,4.0,4.0,4.0,4.0,4.0,3.0,4.0,2.0,2.0,4.0,3.0,2.0,3.0,1.0,1.0,1.0,1.0,5.0,5.0,4.0,4.0,4.0,2.0,5.0,5.0,5.0,5.0,5.0,5.0,2.0,4.0,5.0,0.0,0.0,3.0,1
Q15 Central North Sea - UK R Prospect,0.16,0.09519451856613159,4.0,3.0,4.0,3.0,4.0,4.0,4.0,4.0,4.0,4.0,1.0,4.0,2.0,2.0,3.0,3.0,0.0,2.0,2.0,1.0,0.0,1.0,5.0,2.0,4.0,4.0,0.0,1.0,5.0,0.0,0.0,0.0,0.0,5.0,4.0,3.0,4.0,0.0,4.0,2.0,0
VNG Prospect - Prospect 1,0.26,0.2450280487537384,4.0,3.0,2.0,4.0,5.0,4.0,4.0,0.0,0.0,0.0,4.0,4.0,4.0,5.0,3.0,3.0,2.0,2.0,1.0,1.0,1.0,1.0,1.0,5.0,4.0,4.0,4.0,3.0,5.0,5.0,5.0,5.0,5.0,5.0,5.0,5.0,5.0,0.0,0.0,5.0,1
Tom Yam Prospect,0.16,0.19569513201713562,5.0,4.0,5.0,0.0,0.0,0.0,0.0,0.0,0.0,0.0,5.0,5.0,5.0,4.0,3.0,3.0,2.0,4.0,1.0,5.0,3.0,1.0,1.0,5.0,4.0,4.0,3.0,3.0,5.0,5.0,5.0,3.0,5.0,5.0,5.0,5.0,5.0,0.0,0.0,5.0,0
Zama (Tepee Prospect),0.18,0.2984122037887573,5.0,4.0,4.0,4.0,4.0,4.0,4.0,0.0,0.0,0.0,5.0,5.0,5.0,5.0,3.0,3.0,2.0,2.0,1.0,4.0,4.0,2.0,1.0,5.0,4.0,4.0,4.0,3.0,5.0,5.0,2.0,5.0,5.0,5.0,4.0,5.0,5.0,0.0,0.0,5.0,1
Total 1,0.1,0.0633290559053421,4.0,4.0,4.0,3.0,3.0,3.0,3.0,4.0,4.0,4.0,4.0,5.0,4.0,4.0,4.0,3.0,5.0,4.0,1.0,1.0,0.0,1.0,4.0,5.0,4.0,4.0,0.0,3.0,5.0,5.0,5.0,5.0,5.0,5.0,3.0,5.0,2.0,0.0,5.0,5.0,1
Chianti Prospect,0.15,0.21625256538391113,5.0,4.0,4.0,4.0,3.0,3.0,4.0,0.0,0.0,0.0,5.0,5.0,4.0,4.0,3.0,3.0,2.0,2.0,1.0,5.0,1.0,1.0,1.0,5.0,4.0,4.0,4.0,2.0,5.0,4.0,4.0,4.0,4.0,5.0,3.0,3.0,4.0,0.0,0.0,3.0,1
Total West of Shetlands Prospect,0.18,0.18424688279628754,4.0,4.0,5.0,4.0,4.0,4.0,4.0,4.0,4.0,4.0,4.0,3.0,2.0,2.0,3.0,3.0,2.0,3.0,1.0,1.0,1.0,1.0,1.0,5.0,4.0,4.0,2.0,3.0,5.0,5.0,5.0,5.0,5.0,5.0,4.0,3.0,5.0,0.0,5.0,3.0,1
SPURV Prospect,0.19,0.11827775090932846,5.0,4.0,5.0,0.0,0.0,0.0,0.0,0.0,0.0,0.0,3.0,4.0,2.0,2.0,3.0,3.0,2.0,2.0,1.0,1.0,1.0,1.0,4.0,4.0,4.0,4.0,2.0,5.0,5.0,5.0,5.0,5.0,5.0,5.0,2.0,5.0,5.0,0.0,0.0,3.0,0
Dalit Prospect (C zone),0.36,0.39812034368515015,5.0,5.0,5.0,4.0,4.0,4.0,4.0,0.0,0.0,0.0,5.0,5.0,4.0,4.0,4.0,3.0,3.0,5.0,5.0,5.0,1.0,1.0,4.0,5.0,4.0,4.0,5.0,4.0,5.0,5.0,5.0,5.0,5.0,5.0,4.0,4.0,5.0,0.0,0.0,4.0,1
DEA Paleocene WOS Prospect,0.16,0.017427965998649597,4.0,4.0,4.0,2.0,3.0,3.0,3.0,4.0,3.0,2.0,1.0,4.0,2.0,2.0,3.0,3.0,2.0,2.0,1.0,1.0,1.0,1.0,1.0,5.0,4.0,4.0,4.0,3.0,5.0,5.0,5.0,5.0,5.0,5.0,3.0,3.0,5.0,0.0,0.0,3.0,0
Anduin West,0.43,0.19747577607631683,4.0,3.0,5.0,4.0,5.0,5.0,4.0,0.0,0.0,0.0,4.0,4.0,2.0,2.0,3.0,3.0,2.0,2.0,3.0,1.0,1.0,1.0,5.0,4.0,4.0,4.0,3.0,3.0,5.0,5.0,5.0,5.0,5.0,5.0,3.0,4.0,3.0,0.0,0.0,4.0,1
Anduin East,0.38,0.1665382832288742,4.0,3.0,5.0,4.0,3.0,5.0,4.0,0.0,0.0,0.0,4.0,4.0,2.0,2.0,3.0,3.0,2.0,2.0,3.0,1.0,1.0,1.0,5.0,4.0,4.0,4.0,3.0,3.0,5.0,5.0,5.0,5.0,5.0,5.0,4.0,4.0,3.0,0.0,0.0,2.0,1
GA 15 Prospect,0.16,0.16473399102687836,4.0,4.0,3.0,4.0,4.0,4.0,4.0,0.0,0.0,0.0,3.0,4.0,2.0,2.0,4.0,3.0,4.0,2.0,1.0,1.0,1.0,1.0,5.0,3.0,4.0,4.0,5.0,3.0,5.0,5.0,5.0,5.0,5.0,5.0,3.0,3.0,5.0,0.0,0.0,3.0,1
Bagolykopet Prospect,0.28,0.18410734832286835,4.0,4.0,3.0,4.0,4.0,4.0,4.0,4.0,5.0,0.0,3.0,3.0,2.0,2.0,4.0,3.0,2.0,2.0,4.0,4.0,1.0,1.0,5.0,4.0,4.0,4.0,3.0,3.0,5.0,5.0,5.0,5.0,4.0,5.0,4.0,3.0,5.0,0.0,0.0,5.0,0
Uria Prospect,0.29,0.18717578053474426,4.0,4.0,4.0,4.0,3.0,4.0,4.0,2.0,3.0,3.0,3.0,4.0,3.0,4.0,3.0,3.0,2.0,2.0,1.0,1.0,1.0,1.0,4.0,4.0,4.0,4.0,5.0,3.0,5.0,3.0,5.0,5.0,5.0,5.0,3.0,3.0,5.0,0.0,0.0,5.0,1
Noble GOM Prospect X,0.17,0.11205381155014038,4.0,2.0,3.0,4.0,4.0,4.0,3.0,0.0,0.0,0.0,4.0,3.0,2.0,2.0,4.0,3.0,2.0,2.0,1.0,5.0,1.0,1.0,1.0,5.0,4.0,4.0,5.0,2.0,5.0,5.0,5.0,5.0,5.0,5.0,3.0,4.0,5.0,0.0,0.0,5.0,0
Lukoil Transform Margin Central Prospect,0.15,-0.00812646932899952,4.0,3.0,2.0,3.0,4.0,3.0,4.0,0.0,0.0,0.0,3.0,3.0,2.0,1.0,4.0,3.0,2.0,3.0,1.0,4.0,1.0,1.0,1.0,4.0,4.0,4.0,3.0,3.0,5.0,3.0,5.0,5.0,5.0,5.0,3.0,3.0,4.0,0.0,0.0,3.0,0
Lukoil Transform Margin West Prospect,0.1,-0.09751260280609131,4.0,3.0,2.0,0.0,0.0,0.0,0.0,0.0,0.0,0.0,3.0,3.0,2.0,1.0,4.0,3.0,2.0,3.0,1.0,5.0,1.0,1.0,1.0,1.0,4.0,4.0,3.0,3.0,5.0,3.0,3.0,3.0,3.0,5.0,3.0,3.0,3.0,0.0,0.0,3.0,0
Lukoil Transform Margin East Prospect,0.12,-0.08981842547655106,4.0,3.0,2.0,0.0,0.0,0.0,0.0,0.0,0.0,0.0,2.0,2.0,2.0,1.0,3.0,3.0,2.0,3.0,1.0,5.0,1.0,1.0,1.0,5.0,4.0,4.0,3.0,3.0,5.0,3.0,3.0,3.0,3.0,5.0,3.0,3.0,3.0,0.0,0.0,3.0,0
Woodside Near Field Appraisal,0.49,0.03148365393280983,2.0,2.0,4.0,4.0,3.0,3.0,3.0,0.0,0.0,0.0,3.0,5.0,2.0,2.0,3.0,3.0,2.0,3.0,1.0,1.0,1.0,1.0,1.0,4.0,4.0,4.0,4.0,2.0,5.0,5.0,5.0,5.0,5.0,5.0,4.0,3.0,5.0,0.0,0.0,5.0,1
Solberg Prospect,0.11,0.1824949085712433,4.0,5.0,3.0,4.0,2.0,5.0,5.0,0.0,0.0,0.0,3.0,3.0,2.0,1.0,4.0,3.0,3.0,2.0,1.0,1.0,1.0,3.0,1.0,5.0,4.0,4.0,4.0,3.0,5.0,5.0,5.0,5.0,5.0,5.0,3.0,3.0,5.0,0.0,0.0,5.0,1
Nena Prospect,0.15,0.07035461813211441,4.0,2.0,3.0,4.0,4.0,4.0,4.0,0.0,0.0,0.0,2.0,3.0,2.0,2.0,4.0,3.0,2.0,2.0,1.0,1.0,1.0,1.0,5.0,5.0,4.0,4.0,3.0,4.0,5.0,4.0,5.0,5.0,5.0,5.0,2.0,2.0,5.0,0.0,0.0,2.0,0
Cornish Rex Prospect,0.28,0.22136828303337097,5.0,5.0,4.0,4.0,0.0,4.0,5.0,4.0,5.0,0.0,4.0,5.0,2.0,2.0,4.0,3.0,2.0,4.0,4.0,4.0,2.0,5.0,1.0,5.0,4.0,4.0,2.0,3.0,5.0,5.0,5.0,5.0,5.0,5.0,4.0,5.0,5.0,0.0,0.0,5.0,0
Woodside Prospect B (2),0.24,-0.010435182601213455,3.0,3.0,2.0,3.0,3.0,3.0,3.0,0.0,0.0,0.0,3.0,3.0,4.0,2.0,3.0,3.0,2.0,2.0,1.0,1.0,1.0,2.0,4.0,4.0,4.0,4.0,3.0,3.0,5.0,4.0,5.0,5.0,4.0,5.0,4.0,4.0,4.0,0.0,0.0,0.0,0
Devon Rex Prospect,0.26,0.1240944117307663,5.0,4.0,5.0,3.0,3.0,3.0,3.0,0.0,0.0,0.0,4.0,2.0,2.0,2.0,4.0,3.0,2.0,3.0,1.0,4.0,1.0,3.0,5.0,4.0,4.0,4.0,5.0,2.0,5.0,0.0,5.0,5.0,5.0,5.0,2.0,4.0,4.0,0.0,0.0,5.0,0
Zumba Prospect,0.08,0.09692566096782684,4.0,4.0,3.0,4.0,4.0,4.0,3.0,4.0,4.0,4.0,3.0,3.0,2.0,2.0,4.0,3.0,3.0,2.0,1.0,1.0,1.0,1.0,1.0,5.0,4.0,4.0,3.0,3.0,5.0,2.0,4.0,5.0,4.0,5.0,4.0,3.0,2.0,0.0,0.0,5.0,0
W&T SAAM Consortium Prospect,0.32,0.11144619435071945,4.0,3.0,2.0,4.0,4.0,4.0,4.0,0.0,0.0,0.0,3.0,5.0,2.0,3.0,4.0,3.0,2.0,2.0,1.0,1.0,1.0,1.0,5.0,3.0,4.0,4.0,3.0,1.0,5.0,4.0,5.0,5.0,5.0,5.0,4.0,3.0,5.0,0.0,0.0,5.0,0
OMV Barents Sea Prospect,0.45,0.3332134485244751,4.0,4.0,5.0,4.0,4.0,4.0,4.0,4.0,4.0,4.0,5.0,5.0,4.0,4.0,3.0,3.0,2.0,2.0,1.0,1.0,1.0,1.0,5.0,4.0,4.0,4.0,4.0,3.0,5.0,5.0,5.0,5.0,5.0,5.0,4.0,5.0,3.0,0.0,0.0,5.0,0
Faucon Prospect,0.11,-0.023081399500370026,4.0,3.0,3.0,4.0,3.0,3.0,3.0,0.0,0.0,0.0,1.0,3.0,2.0,1.0,3.0,3.0,2.0,2.0,1.0,5.0,1.0,1.0,1.0,5.0,4.0,4.0,2.0,2.0,5.0,2.0,5.0,5.0,5.0,5.0,4.0,4.0,4.0,0.0,0.0,5.0,0
Tortuga Prospect,0.16,0.11881571263074875,4.0,4.0,5.0,4.0,4.0,5.0,5.0,0.0,0.0,0.0,2.0,4.0,2.0,2.0,4.0,3.0,3.0,2.0,3.0,2.0,1.0,2.0,4.0,4.0,4.0,4.0,4.0,3.0,5.0,4.0,5.0,5.0,5.0,5.0,2.0,3.0,5.0,0.0,0.0,5.0,0
Drumtochty Prospect,0.23,0.12018511444330215,4.0,2.0,2.0,5.0,4.0,4.0,4.0,4.0,4.0,4.0,3.0,3.0,2.0,1.0,4.0,3.0,0.0,2.0,3.0,1.0,0.0,1.0,5.0,3.0,4.0,4.0,0.0,3.0,5.0,0.0,0.0,0.0,0.0,5.0,4.0,4.0,5.0,0.0,4.0,5.0,1
WoS Stratigraphic Amplitude Prospect,0.13,0.3171280026435852,5.0,5.0,4.0,4.0,4.0,5.0,5.0,0.0,0.0,0.0,4.0,4.0,2.0,3.0,4.0,3.0,0.0,2.0,1.0,1.0,0.0,1.0,1.0,5.0,4.0,4.0,0.0,3.0,5.0,0.0,0.0,0.0,0.0,5.0,3.0,4.0,5.0,0.0,3.0,5.0,1
Funny Car,0.12,-0.02301778644323349,3.0,3.0,2.0,3.0,3.0,4.0,3.0,0.0,0.0,0.0,1.0,3.0,2.0,1.0,4.0,3.0,0.0,3.0,1.0,1.0,0.0,1.0,2.0,4.0,4.0,4.0,0.0,3.0,5.0,0.0,0.0,0.0,0.0,5.0,4.0,3.0,5.0,0.0,4.0,5.0,0
Super Stock,0.12,0.013994126580655575,3.0,4.0,3.0,3.0,3.0,3.0,4.0,0.0,0.0,0.0,1.0,3.0,2.0,2.0,4.0,3.0,0.0,3.0,1.0,1.0,0.0,1.0,2.0,4.0,4.0,4.0,0.0,2.0,5.0,0.0,0.0,0.0,0.0,5.0,3.0,5.0,5.0,0.0,3.0,5.0,0
Humpback Well (Noble Wildcat-1),0.1,0.006224986631423235,4.0,3.0,3.0,4.0,3.0,3.0,4.0,0.0,0.0,0.0,2.0,3.0,2.0,2.0,3.0,3.0,2.0,3.0,1.0,3.0,1.0,1.0,1.0,5.0,4.0,4.0,3.0,4.0,5.0,3.0,3.0,4.0,4.0,5.0,4.0,4.0,5.0,0.0,1.0,5.0,0
Drago Prospect,0.15,0.2290722131729126,5.0,4.0,5.0,4.0,5.0,3.0,4.0,0.0,0.0,0.0,3.0,4.0,2.0,3.0,4.0,3.0,4.0,2.0,1.0,2.0,1.0,1.0,5.0,4.0,4.0,4.0,4.0,3.0,5.0,5.0,5.0,5.0,5.0,5.0,3.0,3.0,5.0,0.0,0.0,0.0,1
Tortoise,0.29,0.21654924750328064,4.0,4.0,4.0,4.0,4.0,4.0,4.0,4.0,4.0,3.0,3.0,3.0,2.0,1.0,4.0,3.0,4.0,2.0,4.0,4.0,1.0,1.0,4.0,3.0,4.0,4.0,4.0,3.0,5.0,4.0,5.0,5.0,5.0,5.0,4.0,4.0,5.0,0.0,0.0,0.0,0
Eon Norwegian North Sea Prospect,0.14,0.17053568363189697,4.0,2.0,5.0,4.0,3.0,4.0,4.0,0.0,0.0,0.0,4.0,5.0,2.0,3.0,3.0,3.0,3.0,2.0,1.0,1.0,1.0,1.0,1.0,5.0,4.0,4.0,3.0,3.0,5.0,4.0,5.0,5.0,5.0,5.0,4.0,3.0,4.0,0.0,0.0,0.0,1
White Rabbit - Zone 22,0.3,0.010306447744369507,4.0,2.0,2.0,3.0,4.0,4.0,4.0,4.0,3.0,2.0,3.0,4.0,2.0,3.0,4.0,3.0,2.0,4.0,1.0,4.0,1.0,1.0,5.0,4.0,4.0,4.0,5.0,2.0,5.0,5.0,5.0,5.0,5.0,5.0,5.0,4.0,5.0,0.0,3.0,0.0,0
White Rabbit - Zone 18,0.3,-0.02215634100139141,4.0,2.0,2.0,3.0,4.0,4.0,4.0,4.0,3.0,2.0,2.0,4.0,2.0,3.0,4.0,3.0,2.0,4.0,1.0,4.0,1.0,1.0,5.0,4.0,4.0,4.0,5.0,2.0,5.0,5.0,5.0,5.0,5.0,5.0,5.0,4.0,4.0,0.0,3.0,0.0,0
West Lake Salvador,0.11,0.14654678106307983,4.0,4.0,2.0,4.0,0.0,5.0,5.0,0.0,0.0,0.0,4.0,3.0,2.0,2.0,4.0,3.0,2.0,2.0,1.0,1.0,1.0,1.0,5.0,4.0,4.0,4.0,3.0,2.0,5.0,5.0,5.0,5.0,4.0,5.0,3.0,4.0,5.0,0.0,0.0,0.0,1
BHP Prospect A Pre-Drill,0.42,0.3312946856021881,4.0,3.0,5.0,4.0,4.0,3.0,3.0,0.0,0.0,0.0,4.0,5.0,5.0,4.0,4.0,3.0,2.0,4.0,4.0,1.0,1.0,1.0,4.0,4.0,4.0,4.0,5.0,4.0,5.0,4.0,5.0,5.0,3.0,5.0,4.0,4.0,5.0,0.0,0.0,0.0,1
Woodside Prospect B,0.23,0.11775454878807068,4.0,3.0,3.0,4.0,4.0,5.0,4.0,4.0,4.0,4.0,2.0,3.0,2.0,2.0,4.0,3.0,4.0,2.0,3.0,1.0,1.0,1.0,5.0,4.0,4.0,4.0,3.0,1.0,5.0,3.0,5.0,5.0,5.0,5.0,2.0,4.0,5.0,0.0,0.0,0.0,1
Caballo,0.13,0.16808104515075684,4.0,4.0,4.0,4.0,4.0,4.0,4.0,0.0,0.0,0.0,4.0,4.0,2.0,2.0,4.0,3.0,0.0,5.0,2.0,1.0,1.0,2.0,5.0,4.0,4.0,4.0,4.0,3.0,5.0,5.0,5.0,5.0,5.0,5.0,4.0,4.0,5.0,0.0,4.0,0.0,0
Troubadour (Noble GOM Prospect),0.16,0.25763121247291565,4.0,4.0,4.0,4.0,4.0,4.0,5.0,0.0,0.0,0.0,4.0,3.0,2.0,3.0,3.0,3.0,3.0,2.0,3.0,1.0,1.0,1.0,5.0,4.0,4.0,4.0,5.0,3.0,5.0,5.0,5.0,5.0,5.0,5.0,4.0,5.0,5.0,0.0,0.0,5.0,1
OMV Case Study,0.22,0.27389657497406006,4.0,5.0,5.0,4.0,4.0,4.0,4.0,4.0,4.0,4.0,5.0,5.0,3.0,2.0,4.0,3.0,2.0,2.0,5.0,1.0,1.0,2.0,1.0,2.0,4.0,4.0,3.0,2.0,5.0,3.0,5.0,5.0,5.0,5.0,3.0,5.0,5.0,0.0,0.0,0.0,1
Woodside Prospect A,0.25,0.10978157818317413,4.0,3.0,3.0,4.0,4.0,4.0,4.0,0.0,0.0,0.0,2.0,4.0,2.0,2.0,4.0,3.0,4.0,2.0,1.0,2.0,1.0,1.0,5.0,3.0,4.0,4.0,4.0,2.0,5.0,2.0,5.0,5.0,5.0,5.0,3.0,3.0,5.0,0.0,0.0,0.0,0
Marconi Prospect,0.1,0.09006597101688385,3.0,3.0,4.0,4.0,4.0,4.0,4.0,0.0,0.0,0.0,1.0,3.0,2.0,1.0,4.0,3.0,3.0,2.0,3.0,1.0,1.0,1.0,4.0,4.0,4.0,4.0,3.0,3.0,5.0,3.0,5.0,5.0,5.0,5.0,3.0,3.0,5.0,0.0,0.0,0.0,1
Dumbarton,0.38,0.35916775465011597,3.0,4.0,5.0,5.0,4.0,5.0,4.0,4.0,4.0,4.0,4.0,3.0,2.0,3.0,4.0,3.0,1.0,3.0,3.0,1.0,1.0,1.0,5.0,4.0,4.0,4.0,1.0,3.0,5.0,1.0,1.0,1.0,1.0,5.0,4.0,3.0,5.0,1.0,5.0,5.0,1
A15 'D' Sands (Rev Jan 2004),0.15,0.08197072148323059,5.0,4.0,5.0,1.0,1.0,1.0,1.0,1.0,1.0,1.0,1.0,3.0,2.0,1.0,4.0,3.0,3.0,5.0,1.0,5.0,3.0,3.0,4.0,5.0,4.0,4.0,3.0,2.0,5.0,4.0,4.0,4.0,4.0,5.0,4.0,5.0,4.0,,,5.0,0
Akom North Reservoir,0.21,0.1978258341550827,4.0,4.0,3.0,4.0,4.0,4.0,4.0,0.0,0.0,0.0,3.0,4.0,2.0,2.0,4.0,3.0,3.0,2.0,1.0,4.0,1.0,1.0,5.0,5.0,4.0,4.0,2.0,3.0,5.0,3.0,5.0,5.0,5.0,5.0,4.0,4.0,5.0,0.0,0.0,5.0,1
Alba 18,0.15,0.07378174364566803,4.0,3.0,3.0,3.0,4.0,3.0,4.0,3.0,3.0,3.0,2.0,1.0,2.0,4.0,4.0,4.0,3.0,2.0,4.0,4.0,1.0,1.0,4.0,4.0,4.0,4.0,3.0,3.0,5.0,5.0,5.0,5.0,5.0,5.0,3.0,3.0,3.0,3.0,,5.0,1
All-Star,0.25,0.27828046679496765,5.0,4.0,5.0,4.0,4.0,4.0,4.0,0.0,0.0,0.0,4.0,3.0,4.0,3.0,4.0,3.0,4.0,2.0,1.0,1.0,1.0,4.0,4.0,2.0,4.0,4.0,3.0,2.0,5.0,5.0,5.0,4.0,4.0,5.0,5.0,5.0,5.0,0.0,0.0,5.0,1
Alpha Prospect,0.33,0.041141003370285034,5.0,4.0,4.0,4.0,4.0,5.0,3.0,1.0,1.0,1.0,4.0,2.0,2.0,3.0,4.0,3.0,2.0,3.0,1.0,5.0,1.0,1.0,5.0,4.0,4.0,4.0,4.0,3.0,5.0,5.0,4.0,5.0,5.0,5.0,3.0,3.0,4.0,,3.0,5.0,1
Amigo,0.12,-0.05931774899363518,3.0,2.0,2.0,3.0,3.0,3.0,3.0,0.0,0.0,0.0,1.0,4.0,2.0,2.0,4.0,3.0,2.0,2.0,1.0,1.0,1.0,1.0,1.0,5.0,4.0,4.0,4.0,2.0,5.0,4.0,5.0,5.0,5.0,5.0,3.0,3.0,5.0,1.0,1.0,5.0,0
Anadarko Deepwater Prospect #1,0.25,0.06536959856748581,5.0,3.0,4.0,4.0,3.0,3.0,3.0,1.0,1.0,1.0,3.0,2.0,3.0,1.0,4.0,3.0,2.0,3.0,1.0,1.0,1.0,1.0,2.0,3.0,4.0,4.0,3.0,3.0,5.0,4.0,5.0,5.0,5.0,5.0,4.0,3.0,5.0,1.0,1.0,5.0,0
Anadarko Deepwater Prospect #2,0.3,0.2023884803056717,5.0,4.0,4.0,4.0,3.0,4.0,4.0,3.0,3.0,3.0,5.0,2.0,3.0,2.0,4.0,3.0,2.0,3.0,1.0,1.0,1.0,3.0,3.0,3.0,4.0,4.0,4.0,3.0,5.0,5.0,5.0,5.0,5.0,5.0,4.0,4.0,5.0,1.0,1.0,5.0,1
Anchois (Zone A),0.09,0.247086301445961,5.0,4.0,3.0,4.0,3.0,5.0,5.0,3.0,3.0,3.0,2.0,3.0,3.0,5.0,4.0,3.0,3.0,4.0,4.0,4.0,5.0,4.0,1.0,5.0,4.0,4.0,3.0,3.0,5.0,5.0,4.0,5.0,5.0,5.0,4.0,5.0,5.0,0.0,0.0,5.0,1
Anchois (Zone B),0.09,0.23408542573451996,4.0,3.0,3.0,4.0,3.0,5.0,5.0,3.0,3.0,3.0,2.0,3.0,3.0,5.0,4.0,3.0,3.0,5.0,4.0,4.0,5.0,4.0,1.0,5.0,4.0,4.0,3.0,3.0,5.0,5.0,4.0,5.0,5.0,5.0,4.0,5.0,5.0,0.0,0.0,5.0,1
APC Prospect #1 - UM1 level,0.27,0.21399344503879547,4.0,4.0,3.0,4.0,4.0,4.0,4.0,4.0,4.0,1.0,4.0,2.0,2.0,4.0,4.0,3.0,3.0,3.0,2.0,2.0,1.0,1.0,4.0,3.0,4.0,4.0,2.0,3.0,5.0,5.0,5.0,5.0,5.0,5.0,4.0,4.0,4.0,,,5.0,1
APC Prospect #1 - UM3 Level,0.13,-0.02364983595907688,4.0,2.0,3.0,3.0,4.0,3.0,2.0,3.0,2.0,2.0,2.0,1.0,2.0,4.0,4.0,3.0,3.0,2.0,2.0,3.0,1.0,1.0,4.0,3.0,4.0,4.0,2.0,3.0,5.0,5.0,5.0,5.0,5.0,5.0,4.0,4.0,4.0,,,5.0,0
APC Prospect #2 - UM1 ,0.15,-0.00836278311908245,4.0,2.0,4.0,3.0,3.0,3.0,3.0,3.0,3.0,1.0,2.0,1.0,2.0,4.0,3.0,4.0,3.0,1.0,1.0,1.0,1.0,1.0,2.0,3.0,4.0,4.0,4.0,3.0,5.0,5.0,5.0,5.0,5.0,5.0,4.0,4.0,5.0,,,5.0,0
Arenaria,0.18,0.01561003364622593,3.0,3.0,3.0,4.0,3.0,3.0,3.0,2.0,3.0,3.0,3.0,2.0,2.0,1.0,4.0,3.0,2.0,2.0,4.0,4.0,1.0,1.0,1.0,5.0,4.0,4.0,3.0,3.0,5.0,3.0,5.0,3.0,3.0,5.0,4.0,2.0,5.0,0.0,0.0,5.0,0
Arnold/Cris S (Rev Jan 2004),0.15,0.1385459005832672,4.0,3.0,4.0,4.0,3.0,1.0,1.0,1.0,1.0,1.0,2.0,3.0,2.0,4.0,4.0,3.0,4.0,3.0,4.0,4.0,1.0,3.0,5.0,2.0,4.0,4.0,3.0,3.0,5.0,3.0,5.0,5.0,5.0,5.0,3.0,4.0,5.0,,,5.0,1
B-7 Sand (rev Oct-2003),0.39,0.18745633959770203,4.0,4.0,4.0,3.0,3.0,3.0,3.0,3.0,3.0,3.0,4.0,3.0,3.0,4.0,4.0,3.0,2.0,2.0,5.0,4.0,1.0,1.0,5.0,5.0,4.0,4.0,5.0,4.0,5.0,4.0,3.0,5.0,5.0,5.0,4.0,5.0,4.0,,,5.0,1
Banks,0.56,0.3414457440376282,5.0,4.0,5.0,4.0,3.0,4.0,4.0,0.0,0.0,0.0,4.0,5.0,3.0,3.0,4.0,3.0,1.0,4.0,1.0,1.0,1.0,3.0,5.0,4.0,4.0,4.0,1.0,3.0,5.0,1.0,1.0,1.0,1.0,5.0,4.0,4.0,5.0,1.0,3.0,5.0,1
Barracuda,0.15,0.0458347350358963,4.0,2.0,3.0,4.0,3.0,4.0,3.0,1.0,1.0,1.0,2.0,3.0,2.0,1.0,4.0,3.0,2.0,4.0,3.0,1.0,1.0,1.0,4.0,4.0,4.0,4.0,2.0,3.0,5.0,5.0,5.0,5.0,5.0,5.0,4.0,4.0,4.0,,,5.0,0
Batter Box #2 ,0.25,0.33090105652809143,5.0,4.0,4.0,4.0,4.0,4.0,4.0,4.0,4.0,4.0,4.0,4.0,3.0,3.0,4.0,3.0,2.0,3.0,1.0,1.0,1.0,1.0,4.0,4.0,4.0,4.0,1.0,3.0,5.0,1.0,1.0,1.0,1.0,5.0,4.0,4.0,4.0,1.0,4.0,5.0,1
Batters Box #1 - Rob C,0.25,0.11966545879840851,4.0,3.0,4.0,4.0,3.0,3.0,3.0,4.0,3.0,4.0,3.0,4.0,3.0,1.0,4.0,3.0,3.0,3.0,1.0,3.0,1.0,1.0,4.0,4.0,4.0,4.0,4.0,3.0,5.0,4.0,5.0,5.0,5.0,5.0,3.0,3.0,4.0,1.0,4.0,5.0,1
Batters Box #1 Lower Marg,0.25,0.10779434442520142,4.0,3.0,4.0,3.0,3.0,4.0,3.0,4.0,3.0,3.0,3.0,3.0,2.0,1.0,4.0,3.0,2.0,3.0,1.0,3.0,1.0,1.0,4.0,4.0,4.0,4.0,1.0,2.0,5.0,1.0,1.0,1.0,1.0,5.0,4.0,4.0,5.0,1.0,4.0,5.0,0
Beetle Prospect,0.41,0.28081896901130676,4.0,4.0,5.0,4.0,4.0,4.0,4.0,0.0,0.0,0.0,4.0,3.0,2.0,3.0,4.0,3.0,3.0,2.0,1.0,1.0,1.0,1.0,5.0,5.0,4.0,4.0,4.0,3.0,5.0,5.0,5.0,5.0,5.0,5.0,4.0,4.0,5.0,1.0,1.0,5.0,1
Berlin Prospect,0.05,0.04269177094101906,4.0,4.0,4.0,1.0,1.0,1.0,1.0,1.0,1.0,1.0,3.0,3.0,2.0,1.0,4.0,3.0,2.0,3.0,1.0,5.0,1.0,1.0,1.0,5.0,4.0,4.0,3.0,3.0,5.0,4.0,3.0,5.0,3.0,5.0,2.0,2.0,4.0,,,5.0,0
Bluebell - Post-drill,0.14,0.06315968930721283,3.0,2.0,4.0,3.0,3.0,2.0,4.0,0.0,0.0,0.0,2.0,0.0,0.0,0.0,3.0,3.0,0.0,0.0,1.0,1.0,0.0,0.0,4.0,4.0,4.0,4.0,5.0,0.0,5.0,0.0,0.0,0.0,5.0,5.0,3.0,3.0,5.0,4.0,0.0,5.0,0
Boa,0.5,0.27125710248947144,4.0,3.0,5.0,3.0,3.0,3.0,4.0,4.0,4.0,4.0,4.0,5.0,2.0,2.0,4.0,3.0,1.0,3.0,5.0,1.0,1.0,1.0,5.0,5.0,4.0,4.0,1.0,3.0,5.0,1.0,1.0,1.0,1.0,5.0,4.0,4.0,3.0,1.0,5.0,5.0,1
Brazos Area,0.33,0.22505900263786316,5.0,5.0,5.0,4.0,4.0,4.0,4.0,1.0,1.0,1.0,4.0,3.0,2.0,4.0,4.0,3.0,2.0,3.0,1.0,5.0,1.0,1.0,5.0,4.0,4.0,4.0,5.0,4.0,5.0,5.0,5.0,5.0,5.0,5.0,5.0,3.0,5.0,,2.0,5.0,1
Bright Angel (rev Nov-2003),0.05,0.1398448944091797,4.0,3.0,4.0,4.0,5.0,4.0,3.0,4.0,4.0,4.0,1.0,3.0,3.0,3.0,5.0,3.0,5.0,3.0,1.0,1.0,1.0,1.0,3.0,4.0,4.0,4.0,3.0,3.0,5.0,4.0,5.0,2.0,5.0,5.0,4.0,4.0,1.0,,,5.0,0
Brookian turbidite ,0.2,0.22229695320129395,4.0,4.0,4.0,4.0,4.0,4.0,4.0,1.0,1.0,1.0,3.0,2.0,2.0,2.0,5.0,3.0,2.0,3.0,1.0,1.0,1.0,1.0,5.0,5.0,4.0,4.0,1.0,4.0,5.0,1.0,1.0,1.0,1.0,5.0,4.0,4.0,5.0,1.0,3.0,5.0,1
Bugana,0.23,0.1813465654850006,5.0,3.0,5.0,4.0,4.0,4.0,4.0,3.0,3.0,3.0,4.0,5.0,2.0,3.0,4.0,3.0,3.0,2.0,4.0,3.0,1.0,1.0,2.0,5.0,4.0,4.0,1.0,2.0,5.0,2.0,2.0,2.0,5.0,5.0,2.0,2.0,2.0,1.0,1.0,5.0,1
Caesar - E3,0.35,0.09001751244068146,4.0,3.0,4.0,3.0,3.0,2.0,3.0,0.0,0.0,0.0,3.0,5.0,2.0,3.0,3.0,3.0,2.0,2.0,1.0,3.0,1.0,1.0,4.0,4.0,4.0,4.0,5.0,5.0,5.0,5.0,5.0,5.0,5.0,5.0,5.0,5.0,5.0,1.0,1.0,5.0,1
Caesar - E4,0.41,0.12049560248851776,4.0,4.0,4.0,3.0,3.0,2.0,3.0,0.0,0.0,0.0,4.0,3.0,4.0,3.0,3.0,3.0,2.0,2.0,2.0,4.0,1.0,1.0,4.0,4.0,4.0,4.0,5.0,5.0,5.0,5.0,5.0,5.0,5.0,5.0,4.0,3.0,5.0,1.0,1.0,5.0,1
Camel - Zone 1,0.3,0.15469731390476227,4.0,4.0,3.0,3.0,3.0,3.0,3.0,0.0,0.0,0.0,3.0,5.0,2.0,4.0,4.0,3.0,2.0,4.0,3.0,3.0,1.0,3.0,3.0,3.0,4.0,4.0,4.0,2.0,5.0,5.0,5.0,5.0,5.0,5.0,4.0,5.0,4.0,1.0,1.0,5.0,1
Camel - Zone 3,0.3,0.20636196434497833,4.0,4.0,4.0,3.0,3.0,3.0,3.0,0.0,0.0,0.0,4.0,5.0,2.0,4.0,4.0,3.0,2.0,4.0,3.0,3.0,1.0,3.0,3.0,3.0,4.0,4.0,4.0,2.0,5.0,5.0,5.0,5.0,5.0,5.0,4.0,5.0,4.0,1.0,1.0,5.0,1
CGoM 1 (rev Nov-2003),0.09,0.13384529948234558,5.0,3.0,5.0,4.0,5.0,3.0,3.0,1.0,1.0,1.0,2.0,3.0,3.0,1.0,5.0,3.0,2.0,5.0,4.0,3.0,1.0,1.0,4.0,2.0,4.0,4.0,4.0,4.0,5.0,2.0,4.0,4.0,2.0,5.0,3.0,4.0,5.0,,,5.0,0
Chalk Prospect,0.5,0.0038033684249967337,3.0,2.0,2.0,0.0,0.0,0.0,0.0,0.0,0.0,0.0,3.0,3.0,2.0,1.0,3.0,3.0,2.0,2.0,1.0,1.0,1.0,1.0,5.0,5.0,4.0,4.0,2.0,5.0,5.0,5.0,4.0,5.0,5.0,5.0,5.0,3.0,5.0,0.0,0.0,5.0,1
Coaster Prospect,0.1,-0.11496078222990036,3.0,1.0,2.0,2.0,3.0,3.0,3.0,0.0,0.0,0.0,1.0,2.0,1.0,1.0,4.0,3.0,2.0,3.0,1.0,1.0,1.0,2.0,1.0,5.0,4.0,4.0,2.0,2.0,5.0,0.0,5.0,5.0,5.0,5.0,3.0,3.0,5.0,0.0,0.0,5.0,0
Comancheros,0.26,0.027986325323581696,4.0,3.0,5.0,4.0,5.0,5.0,5.0,5.0,5.0,4.0,5.0,5.0,5.0,5.0,4.0,3.0,4.0,4.0,4.0,5.0,4.0,3.0,5.0,5.0,4.0,4.0,4.0,3.0,5.0,1.0,1.0,1.0,1.0,5.0,4.0,4.0,5.0,1.0,4.0,5.0,0
Connie North,0.34,0.187602698802948,3.0,4.0,4.0,4.0,3.0,4.0,4.0,0.0,0.0,0.0,3.0,5.0,2.0,2.0,3.0,3.0,1.0,3.0,4.0,1.0,1.0,1.0,5.0,5.0,4.0,4.0,1.0,4.0,5.0,1.0,1.0,1.0,1.0,5.0,2.0,3.0,5.0,1.0,3.0,5.0,1
Cook Inlet Onshore Prospect,0.5,0.27313345670700073,5.0,3.0,5.0,0.0,0.0,0.0,0.0,0.0,0.0,0.0,4.0,5.0,4.0,5.0,4.0,3.0,2.0,2.0,1.0,1.0,1.0,3.0,5.0,4.0,4.0,4.0,4.0,4.0,5.0,5.0,5.0,5.0,5.0,5.0,4.0,5.0,5.0,1.0,1.0,5.0,1
Cretaceous,0.26,0.12342803925275803,4.0,3.0,5.0,4.0,4.0,3.0,3.0,0.0,0.0,0.0,3.0,4.0,2.0,2.0,4.0,3.0,3.0,2.0,1.0,1.0,1.0,1.0,1.0,5.0,4.0,4.0,5.0,3.0,5.0,4.0,5.0,5.0,5.0,5.0,3.0,3.0,5.0,1.0,1.0,5.0,0
Crystal Star Prospect,0.25,0.13443806767463684,3.0,3.0,4.0,4.0,2.0,4.0,4.0,0.0,0.0,0.0,3.0,4.0,2.0,2.0,4.0,3.0,0.0,3.0,2.0,3.0,0.0,3.0,4.0,4.0,4.0,4.0,0.0,3.0,5.0,0.0,0.0,0.0,0.0,5.0,4.0,4.0,4.0,0.0,3.0,5.0,1
Das Blob Prospect,0.35,0.2864703834056854,4.0,5.0,4.0,4.0,5.0,3.0,3.0,0.0,0.0,0.0,4.0,5.0,2.0,4.0,4.0,3.0,5.0,2.0,1.0,1.0,1.0,2.0,4.0,3.0,4.0,4.0,5.0,2.0,5.0,5.0,5.0,5.0,5.0,5.0,3.0,4.0,5.0,0.0,0.0,5.0,1
Deepwater GOM Dominion,0.33,0.2879074811935425,5.0,4.0,4.0,1.0,1.0,1.0,1.0,1.0,1.0,1.0,4.0,3.0,4.0,4.0,4.0,3.0,2.0,2.0,3.0,5.0,1.0,3.0,5.0,4.0,4.0,4.0,5.0,5.0,5.0,5.0,5.0,5.0,5.0,5.0,5.0,5.0,5.0,1.0,1.0,5.0,1
Deepwater GOM SF (rev Nov-2003),0.05,0.16195069253444672,5.0,4.0,4.0,5.0,5.0,3.0,3.0,3.0,3.0,3.0,2.0,3.0,2.0,1.0,5.0,3.0,2.0,5.0,1.0,1.0,3.0,5.0,4.0,2.0,4.0,4.0,4.0,3.0,5.0,5.0,3.0,4.0,4.0,5.0,5.0,5.0,5.0,,,5.0,0
Diana,0.36,0.20561885833740234,5.0,4.0,4.0,1.0,1.0,1.0,1.0,1.0,1.0,1.0,4.0,3.0,2.0,3.0,4.0,3.0,2.0,3.0,1.0,5.0,1.0,1.0,5.0,4.0,4.0,4.0,4.0,3.0,5.0,5.0,4.0,5.0,5.0,5.0,5.0,4.0,5.0,,,5.0,1
Dong North Sea Prospect #1 (Nini),0.17,0.16185779869556427,4.0,4.0,4.0,4.0,3.0,3.0,5.0,0.0,0.0,0.0,4.0,3.0,3.0,3.0,4.0,3.0,2.0,2.0,3.0,1.0,1.0,1.0,4.0,4.0,4.0,4.0,3.0,3.0,5.0,4.0,5.0,5.0,4.0,5.0,2.0,2.0,4.0,1.0,1.0,5.0,1
Dong North Sea Prospect #2 (Vivi),0.1,-0.1327861100435257,4.0,2.0,2.0,2.0,2.0,3.0,3.0,0.0,0.0,0.0,1.0,2.0,2.0,1.0,4.0,3.0,2.0,2.0,1.0,1.0,1.0,1.0,3.0,4.0,4.0,4.0,3.0,3.0,5.0,3.0,5.0,5.0,5.0,5.0,4.0,2.0,5.0,1.0,1.0,5.0,0
Droshky Prospect,0.25,0.17078940570354462,4.0,4.0,4.0,0.0,0.0,0.0,0.0,0.0,0.0,0.0,4.0,4.0,2.0,2.0,4.0,3.0,2.0,2.0,4.0,4.0,1.0,1.0,4.0,4.0,4.0,4.0,4.0,3.0,5.0,4.0,5.0,4.0,5.0,5.0,3.0,3.0,3.0,1.0,1.0,5.0,1
Dundee,0.41,0.2999518811702728,4.0,3.0,5.0,0.0,0.0,0.0,0.0,0.0,0.0,0.0,5.0,5.0,5.0,2.0,3.0,3.0,2.0,2.0,5.0,4.0,1.0,1.0,5.0,5.0,4.0,4.0,3.0,4.0,5.0,5.0,5.0,5.0,3.0,5.0,5.0,5.0,5.0,0.0,0.0,5.0,1
Dunvegan - Downdip Class 2,0.24,0.31414157152175903,4.0,5.0,4.0,5.0,5.0,4.0,5.0,4.0,4.0,4.0,4.0,5.0,2.0,2.0,4.0,3.0,4.0,2.0,1.0,1.0,1.0,1.0,5.0,5.0,4.0,4.0,5.0,2.0,5.0,5.0,5.0,5.0,5.0,5.0,4.0,4.0,5.0,1.0,5.0,5.0,0
Eagle's Nest Deep (rev Nov-2003),0.25,0.18034563958644867,4.0,3.0,4.0,1.0,1.0,1.0,1.0,1.0,1.0,1.0,3.0,3.0,4.0,5.0,4.0,3.0,5.0,4.0,1.0,4.0,3.0,2.0,4.0,5.0,4.0,4.0,1.0,2.0,5.0,4.0,5.0,5.0,5.0,5.0,4.0,4.0,4.0,,,5.0,1
Eastern Mediterranean 1 (rev Nov-2003),0.35,0.05175765976309776,5.0,4.0,4.0,1.0,1.0,1.0,1.0,1.0,1.0,1.0,3.0,3.0,3.0,1.0,3.0,3.0,3.0,4.0,4.0,3.0,1.0,1.0,5.0,1.0,4.0,4.0,3.0,1.0,5.0,3.0,5.0,3.0,3.0,5.0,1.0,4.0,4.0,,,5.0,1
Eastern Mediterranean 2 (rev Nov-2003),0.33,0.12429487705230713,4.0,4.0,2.0,3.0,3.0,1.0,1.0,1.0,1.0,1.0,4.0,3.0,3.0,3.0,4.0,3.0,2.0,5.0,1.0,4.0,1.0,1.0,4.0,5.0,4.0,4.0,4.0,2.0,5.0,4.0,4.0,5.0,5.0,5.0,3.0,5.0,5.0,,,5.0,1
EEX J1 (rev Nov-2003),0.33,0.05833613872528076,4.0,2.0,3.0,4.0,4.0,3.0,3.0,1.0,1.0,1.0,3.0,3.0,2.0,1.0,4.0,4.0,2.0,4.0,4.0,3.0,1.0,1.0,4.0,4.0,4.0,4.0,4.0,1.0,5.0,4.0,5.0,5.0,2.0,5.0,3.0,3.0,5.0,,,5.0,0
north sea 1,0.33,0.044648028910160065,4.0,2.0,2.0,4.0,4.0,3.0,3.0,1.0,1.0,1.0,3.0,3.0,3.0,1.0,4.0,3.0,5.0,5.0,3.0,4.0,2.0,2.0,2.0,5.0,4.0,4.0,1.0,4.0,5.0,4.0,5.0,5.0,2.0,5.0,2.0,2.0,5.0,,,5.0,0
El Toro,0.29,0.08212467283010483,3.0,3.0,4.0,0.0,0.0,0.0,0.0,0.0,0.0,0.0,4.0,5.0,2.0,1.0,3.0,3.0,2.0,2.0,2.0,1.0,1.0,1.0,4.0,4.0,4.0,4.0,2.0,2.0,5.0,3.0,5.0,3.0,4.0,5.0,2.0,3.0,5.0,1.0,1.0,5.0,1
Electra,0.19,0.13040068745613098,3.0,3.0,3.0,5.0,3.0,4.0,4.0,1.0,1.0,1.0,3.0,4.0,2.0,1.0,4.0,3.0,2.0,3.0,1.0,1.0,1.0,1.0,5.0,4.0,4.0,4.0,1.0,3.0,5.0,1.0,1.0,1.0,1.0,5.0,5.0,4.0,5.0,1.0,4.0,5.0,1
ENI Deepwater GOM 1,0.2,0.32652705907821655,5.0,5.0,5.0,4.0,0.0,0.0,4.0,0.0,0.0,0.0,4.0,4.0,2.0,4.0,4.0,3.0,2.0,2.0,1.0,2.0,1.0,3.0,5.0,5.0,4.0,4.0,4.0,3.0,5.0,5.0,5.0,5.0,5.0,5.0,4.0,5.0,4.0,1.0,1.0,5.0,1
ENI Deepwater GOM A H1,0.24,0.15159884095191956,4.0,4.0,3.0,4.0,4.0,3.0,3.0,0.0,0.0,0.0,3.0,4.0,2.0,2.0,4.0,3.0,4.0,2.0,1.0,3.0,1.0,3.0,4.0,3.0,4.0,4.0,5.0,3.0,5.0,5.0,4.0,5.0,5.0,5.0,4.0,3.0,5.0,1.0,1.0,5.0,0
ENI Deepwater GOM B J2 sand,0.22,0.11883804202079773,4.0,4.0,2.0,4.0,4.0,5.0,3.0,0.0,0.0,0.0,3.0,3.0,2.0,1.0,4.0,3.0,4.0,2.0,2.0,1.0,1.0,4.0,4.0,4.0,4.0,4.0,4.0,3.0,5.0,2.0,4.0,5.0,5.0,5.0,4.0,3.0,5.0,1.0,1.0,5.0,0
ENI GOM Prospect #1,0.15,0.2302476465702057,5.0,4.0,3.0,5.0,4.0,5.0,5.0,0.0,0.0,0.0,4.0,2.0,2.0,2.0,4.0,3.0,4.0,4.0,1.0,1.0,1.0,1.0,4.0,5.0,4.0,4.0,3.0,3.0,5.0,5.0,5.0,5.0,5.0,5.0,4.0,4.0,5.0,0.0,0.0,5.0,0
Exodus,0.13,0.02170940674841404,5.0,4.0,5.0,4.0,4.0,5.0,4.0,4.0,4.0,4.0,2.0,3.0,2.0,5.0,4.0,3.0,4.0,2.0,1.0,1.0,1.0,4.0,4.0,5.0,4.0,4.0,2.0,2.0,5.0,5.0,5.0,4.0,4.0,5.0,5.0,3.0,5.0,5.0,0.0,5.0,0
Falcon,0.21,0.20007993280887604,4.0,4.0,5.0,5.0,5.0,5.0,5.0,5.0,5.0,4.0,5.0,5.0,5.0,4.0,4.0,3.0,4.0,4.0,4.0,5.0,4.0,3.0,4.0,4.0,4.0,4.0,4.0,3.0,5.0,1.0,1.0,1.0,1.0,5.0,4.0,4.0,5.0,1.0,4.0,5.0,0
GAMERA (rev Nov-2003),0.15,0.05769091099500656,4.0,3.0,3.0,4.0,4.0,3.0,3.0,1.0,1.0,1.0,3.0,3.0,3.0,1.0,4.0,3.0,2.0,4.0,3.0,4.0,1.0,1.0,2.0,5.0,4.0,4.0,3.0,2.0,5.0,3.0,5.0,5.0,3.0,5.0,2.0,2.0,2.0,,,5.0,0
Gamma Prospect,0.2,0.15901817381381989,4.0,4.0,3.0,4.0,4.0,4.0,4.0,0.0,0.0,0.0,1.0,4.0,2.0,2.0,4.0,3.0,4.0,2.0,1.0,4.0,1.0,2.0,5.0,4.0,4.0,4.0,4.0,4.0,5.0,5.0,5.0,5.0,5.0,5.0,5.0,4.0,5.0,0.0,0.0,5.0,0
Gandalf,0.21,-0.07842467725276947,5.0,4.0,4.0,3.0,3.0,3.0,2.0,1.0,1.0,1.0,3.0,3.0,2.0,4.0,4.0,3.0,3.0,3.0,1.0,5.0,2.0,3.0,3.0,5.0,4.0,4.0,4.0,2.0,5.0,4.0,5.0,5.0,5.0,5.0,4.0,4.0,4.0,,3.0,5.0,0
GC296-1 (Rev Dec-2003),0.15,-0.061550360172986984,4.0,4.0,3.0,4.0,2.0,4.0,3.0,1.0,1.0,1.0,3.0,3.0,2.0,1.0,3.0,3.0,2.0,2.0,1.0,4.0,1.0,1.0,4.0,3.0,4.0,4.0,2.0,1.0,5.0,2.0,2.0,2.0,1.0,5.0,2.0,2.0,2.0,,,5.0,0
GC297-2 (rev Nov-2003),0.15,-0.16223832964897156,2.0,3.0,2.0,1.0,1.0,3.0,3.0,1.0,1.0,1.0,4.0,3.0,2.0,1.0,3.0,3.0,2.0,2.0,1.0,1.0,1.0,1.0,4.0,3.0,4.0,4.0,2.0,1.0,5.0,2.0,2.0,2.0,1.0,5.0,2.0,2.0,1.0,,,5.0,0
GC341 (Rev Dec-2003),0.14,-0.06835488975048065,3.0,3.0,2.0,2.0,2.0,3.0,3.0,1.0,1.0,1.0,3.0,3.0,2.0,4.0,3.0,3.0,2.0,2.0,1.0,3.0,1.0,1.0,5.0,3.0,4.0,4.0,2.0,2.0,5.0,4.0,4.0,4.0,3.0,5.0,2.0,2.0,3.0,,,5.0,0
GCS Prospect A,0.05,-0.040647465735673904,4.0,3.0,4.0,4.0,4.0,5.0,4.0,5.0,5.0,4.0,4.0,3.0,4.0,4.0,4.0,5.0,3.0,4.0,3.0,4.0,3.0,3.0,4.0,4.0,4.0,4.0,3.0,4.0,5.0,4.0,5.0,4.0,5.0,5.0,4.0,4.0,3.0,1.0,1.0,5.0,0
GCS Prospect B,0.15,0.05439957231283188,4.0,4.0,4.0,4.0,5.0,5.0,5.0,5.0,5.0,4.0,4.0,3.0,4.0,4.0,4.0,5.0,4.0,4.0,5.0,4.0,2.0,3.0,4.0,3.0,4.0,4.0,4.0,4.0,5.0,4.0,5.0,5.0,5.0,5.0,4.0,4.0,4.0,1.0,1.0,5.0,0
GDF Suez North Sea Prospect,0.22,0.03070889040827751,3.0,4.0,3.0,3.0,3.0,3.0,3.0,4.0,3.0,4.0,4.0,0.0,0.0,0.0,3.0,3.0,0.0,0.0,1.0,1.0,0.0,0.0,1.0,5.0,4.0,4.0,5.0,0.0,5.0,0.0,0.0,0.0,5.0,5.0,3.0,3.0,2.0,3.0,0.0,5.0,0
"Glenlivet (rev June 30, 2009)",0.2,0.3687722980976105,5.0,4.0,4.0,4.0,5.0,5.0,5.0,0.0,0.0,0.0,3.0,4.0,3.0,2.0,5.0,3.0,5.0,2.0,1.0,1.0,1.0,1.0,4.0,5.0,4.0,4.0,4.0,3.0,5.0,5.0,5.0,5.0,5.0,5.0,5.0,5.0,5.0,1.0,1.0,5.0,1
"GOM ""Y"" (rev Oct-2003)",0.15,-0.05428176745772362,3.0,3.0,2.0,3.0,3.0,3.0,3.0,3.0,3.0,3.0,2.0,3.0,2.0,2.0,4.0,3.0,2.0,3.0,2.0,3.0,1.0,1.0,3.0,4.0,4.0,4.0,4.0,2.0,5.0,3.0,5.0,3.0,2.0,5.0,2.0,2.0,5.0,,,5.0,0
"GOM ""Z"" (rev Oct-2003)",0.15,0.17759917676448822,5.0,4.0,5.0,3.0,3.0,3.0,3.0,3.0,3.0,3.0,4.0,3.0,3.0,5.0,5.0,3.0,5.0,2.0,1.0,1.0,3.0,3.0,1.0,5.0,4.0,4.0,4.0,2.0,5.0,2.0,4.0,4.0,4.0,5.0,4.0,4.0,4.0,,,5.0,0
"GOM Shelf - 10,600' sd",0.31,0.339519202709198,5.0,5.0,4.0,4.0,4.0,4.0,5.0,4.0,3.0,4.0,4.0,3.0,3.0,4.0,5.0,4.0,3.0,4.0,3.0,1.0,1.0,2.0,5.0,4.0,4.0,4.0,4.0,3.0,5.0,4.0,5.0,5.0,5.0,5.0,4.0,4.0,5.0,,5.0,5.0,1
"GOM Shelf - 12,400' sd",0.19,0.11014736443758011,4.0,3.0,4.0,4.0,4.0,4.0,4.0,4.0,4.0,4.0,4.0,3.0,4.0,4.0,5.0,4.0,3.0,4.0,1.0,1.0,1.0,1.0,5.0,3.0,4.0,4.0,4.0,3.0,5.0,4.0,5.0,5.0,5.0,5.0,4.0,3.0,4.0,,4.0,5.0,0
GOM Shelf Prospect 1,0.15,0.011811237782239914,3.0,3.0,2.0,4.0,4.0,4.0,4.0,1.0,1.0,1.0,2.0,2.0,2.0,2.0,4.0,3.0,2.0,3.0,3.0,1.0,1.0,1.0,2.0,3.0,4.0,4.0,3.0,3.0,5.0,5.0,5.0,5.0,4.0,5.0,4.0,3.0,5.0,,3.0,5.0,0
GOM Shelf Prospect 2,0.15,0.3032948970794678,4.0,4.0,4.0,4.0,4.0,4.0,4.0,1.0,1.0,1.0,5.0,4.0,4.0,3.0,4.0,3.0,2.0,3.0,3.0,1.0,1.0,1.0,2.0,4.0,4.0,4.0,3.0,4.0,5.0,5.0,5.0,5.0,4.0,5.0,4.0,3.0,5.0,,5.0,5.0,1
"Goodall - 13,800' sand",0.15,0.26723533868789673,4.0,4.0,4.0,5.0,4.0,5.0,5.0,1.0,1.0,1.0,4.0,3.0,2.0,2.0,4.0,3.0,2.0,3.0,4.0,3.0,1.0,1.0,2.0,4.0,4.0,4.0,1.0,4.0,5.0,1.0,1.0,1.0,1.0,5.0,4.0,4.0,3.0,1.0,3.0,5.0,1
Grand Canyon ,0.15,-0.05137846618890762,4.0,3.0,3.0,4.0,3.0,5.0,5.0,5.0,5.0,4.0,4.0,3.0,4.0,3.0,3.0,3.0,3.0,4.0,4.0,4.0,1.0,1.0,3.0,4.0,4.0,4.0,3.0,3.0,5.0,3.0,5.0,5.0,5.0,5.0,4.0,4.0,4.0,1.0,1.0,5.0,0
Grand Isle 66 (Rev Dec-2003),0.19,-0.14272083342075348,1.0,1.0,2.0,3.0,1.0,1.0,1.0,1.0,1.0,1.0,3.0,3.0,3.0,1.0,3.0,3.0,2.0,2.0,1.0,1.0,1.0,1.0,1.0,5.0,4.0,4.0,3.0,2.0,5.0,4.0,5.0,5.0,5.0,5.0,4.0,4.0,4.0,,,5.0,0
Gulf of Mexico Cris R,0.19,0.09265299141407013,4.0,3.0,3.0,4.0,3.0,4.0,4.0,0.0,0.0,0.0,4.0,3.0,2.0,2.0,3.0,3.0,0.0,3.0,1.0,1.0,0.0,1.0,1.0,5.0,4.0,4.0,0.0,2.0,5.0,0.0,0.0,0.0,0.0,5.0,5.0,5.0,5.0,0.0,3.0,5.0,1
Gunnison - deep objectives,0.28,0.1333238035440445,4.0,2.0,4.0,3.0,3.0,3.0,3.0,3.0,3.0,3.0,3.0,5.0,3.0,2.0,5.0,3.0,3.0,2.0,4.0,5.0,1.0,1.0,3.0,3.0,4.0,4.0,5.0,3.0,5.0,4.0,5.0,5.0,5.0,5.0,4.0,4.0,4.0,1.0,1.0,5.0,1
Gunnison - shallow objectives,0.3,0.3949211835861206,5.0,4.0,4.0,5.0,4.0,5.0,5.0,4.0,4.0,4.0,4.0,5.0,3.0,3.0,4.0,3.0,4.0,3.0,4.0,5.0,1.0,2.0,3.0,3.0,4.0,4.0,4.0,3.0,5.0,5.0,5.0,5.0,5.0,5.0,4.0,4.0,5.0,1.0,1.0,5.0,1
HI 47 - Prospect #1,0.15,0.18609848618507385,4.0,4.0,3.0,5.0,3.0,4.0,5.0,4.0,4.0,3.0,3.0,3.0,3.0,3.0,4.0,3.0,3.0,3.0,2.0,1.0,1.0,1.0,4.0,4.0,4.0,4.0,3.0,4.0,5.0,5.0,3.0,5.0,5.0,5.0,4.0,4.0,5.0,,4.0,5.0,1
HI 47 - Prospect #2 ,0.14,0.06615523993968964,4.0,4.0,3.0,3.0,3.0,4.0,4.0,3.0,3.0,3.0,2.0,3.0,3.0,3.0,4.0,3.0,3.0,3.0,2.0,1.0,1.0,1.0,4.0,4.0,4.0,4.0,3.0,3.0,5.0,5.0,3.0,5.0,5.0,5.0,4.0,4.0,5.0,,3.0,5.0,0
Horn Mountain - Lower Amplitude ,0.25,0.11276199668645859,4.0,2.0,4.0,4.0,3.0,4.0,4.0,1.0,1.0,1.0,2.0,2.0,3.0,3.0,4.0,3.0,2.0,3.0,1.0,4.0,1.0,2.0,4.0,3.0,4.0,4.0,4.0,3.0,5.0,5.0,4.0,5.0,5.0,5.0,4.0,3.0,5.0,1.0,1.0,5.0,1
Horn Mountain - Upper Amplitude ,0.25,0.18299207091331482,5.0,4.0,4.0,3.0,3.0,3.0,3.0,1.0,1.0,1.0,5.0,2.0,3.0,4.0,4.0,3.0,2.0,3.0,1.0,4.0,1.0,3.0,5.0,4.0,4.0,4.0,4.0,4.0,5.0,5.0,5.0,5.0,5.0,5.0,3.0,3.0,5.0,1.0,1.0,5.0,1
Hydra/Cris S (Rev Jan 2004),0.15,0.07430220395326614,4.0,3.0,3.0,4.0,4.0,1.0,1.0,1.0,1.0,1.0,1.0,1.0,2.0,4.0,4.0,3.0,4.0,3.0,3.0,3.0,3.0,5.0,5.0,4.0,4.0,4.0,1.0,3.0,5.0,4.0,5.0,3.0,5.0,5.0,4.0,4.0,5.0,,,5.0,0
Innerflex Trend-Pliocene,0.33,0.33617103099823,5.0,4.0,3.0,4.0,4.0,4.0,5.0,1.0,1.0,1.0,5.0,3.0,2.0,4.0,4.0,3.0,4.0,3.0,4.0,5.0,3.0,3.0,4.0,4.0,4.0,4.0,2.0,4.0,5.0,5.0,5.0,5.0,5.0,5.0,4.0,3.0,5.0,,,5.0,1
Invader,0.1,0.26168403029441833,5.0,4.0,5.0,5.0,5.0,5.0,5.0,5.0,5.0,5.0,1.0,3.0,2.0,2.0,4.0,3.0,4.0,2.0,1.0,1.0,1.0,4.0,4.0,2.0,4.0,4.0,3.0,2.0,5.0,5.0,5.0,4.0,4.0,5.0,5.0,5.0,5.0,0.0,0.0,5.0,1
Ivishak Alaska,0.05,0.07685169577598572,5.0,5.0,4.0,4.0,3.0,3.0,4.0,3.0,3.0,3.0,2.0,2.0,2.0,1.0,4.0,3.0,2.0,3.0,1.0,1.0,1.0,1.0,1.0,5.0,4.0,4.0,2.0,4.0,5.0,3.0,5.0,4.0,5.0,5.0,2.0,2.0,5.0,1.0,1.0,5.0,0
Jalapeno,0.35,0.25425276160240173,4.0,4.0,5.0,4.0,5.0,5.0,5.0,5.0,5.0,4.0,5.0,5.0,5.0,4.0,5.0,3.0,4.0,4.0,4.0,5.0,4.0,3.0,5.0,4.0,4.0,4.0,4.0,3.0,5.0,1.0,1.0,1.0,1.0,5.0,4.0,4.0,5.0,1.0,4.0,5.0,1
"Joe Jackson Prospect, Event 58",0.33,-0.06982876360416412,3.0,2.0,2.0,3.0,3.0,3.0,3.0,3.0,3.0,3.0,2.0,2.0,2.0,1.0,4.0,3.0,2.0,3.0,4.0,2.0,1.0,1.0,2.0,5.0,4.0,4.0,3.0,2.0,5.0,5.0,5.0,5.0,5.0,5.0,3.0,2.0,5.0,,,5.0,1
Jolly Miller,0.42,0.19879145920276642,4.0,3.0,4.0,4.0,3.0,3.0,3.0,0.0,0.0,0.0,4.0,5.0,2.0,4.0,4.0,3.0,2.0,2.0,1.0,1.0,1.0,3.0,5.0,4.0,4.0,4.0,4.0,4.0,5.0,5.0,5.0,5.0,5.0,5.0,3.0,3.0,5.0,0.0,0.0,5.0,1
K & L sand (rev Oct-2003),0.31,0.18673519790172577,5.0,4.0,4.0,5.0,4.0,4.0,4.0,4.0,4.0,4.0,3.0,3.0,2.0,2.0,3.0,3.0,3.0,2.0,4.0,5.0,1.0,1.0,5.0,1.0,4.0,4.0,4.0,2.0,5.0,4.0,5.0,5.0,5.0,5.0,1.0,4.0,3.0,,,5.0,1
Kakap,0.15,0.1041455939412117,5.0,4.0,4.0,4.0,3.0,4.0,4.0,1.0,1.0,1.0,4.0,2.0,2.0,3.0,4.0,3.0,2.0,3.0,2.0,5.0,1.0,1.0,5.0,4.0,4.0,4.0,4.0,3.0,5.0,5.0,4.0,5.0,5.0,5.0,3.0,3.0,4.0,,3.0,5.0,1
KMG case 10 (Rev Dec 2003),0.4,0.2818990647792816,5.0,4.0,4.0,5.0,4.0,4.0,3.0,4.0,4.0,4.0,3.0,3.0,2.0,4.0,4.0,3.0,5.0,4.0,2.0,4.0,1.0,3.0,5.0,4.0,4.0,4.0,4.0,4.0,5.0,4.0,4.0,5.0,5.0,5.0,4.0,5.0,5.0,,,5.0,1
KMG Case 2 (rev Nov-2003),0.33,-0.14054825901985168,4.0,3.0,2.0,2.0,3.0,1.0,1.0,1.0,1.0,1.0,1.0,2.0,2.0,1.0,3.0,3.0,4.0,1.0,2.0,1.0,1.0,1.0,1.0,2.0,4.0,4.0,2.0,3.0,5.0,1.0,5.0,4.0,4.0,5.0,4.0,5.0,5.0,,,5.0,0
KMG Case 4 (rev Nov-2003),0.33,0.18757958710193634,4.0,3.0,3.0,5.0,4.0,3.0,3.0,1.0,1.0,1.0,3.0,3.0,3.0,4.0,4.0,3.0,4.0,3.0,2.0,5.0,1.0,4.0,4.0,4.0,4.0,4.0,5.0,5.0,5.0,5.0,5.0,4.0,5.0,5.0,4.0,5.0,4.0,,,5.0,1
KMG case 6 (Rev Dec 2003),0.6,0.39034679532051086,5.0,4.0,4.0,4.0,4.0,1.0,1.0,1.0,1.0,1.0,4.0,3.0,4.0,4.0,5.0,3.0,5.0,4.0,3.0,1.0,1.0,4.0,5.0,4.0,4.0,4.0,4.0,4.0,5.0,3.0,5.0,5.0,5.0,5.0,5.0,5.0,5.0,,,5.0,1
KMG case 7 (Rev Dec 2003),0.33,0.07820119708776474,4.0,2.0,4.0,3.0,3.0,1.0,1.0,3.0,3.0,3.0,3.0,3.0,2.0,3.0,4.0,3.0,2.0,3.0,1.0,3.0,1.0,3.0,4.0,4.0,4.0,4.0,4.0,4.0,5.0,4.0,4.0,4.0,4.0,5.0,4.0,4.0,2.0,,,5.0,0
KMG case 9 (rev Nov-2003),0.4,0.2801399827003479,4.0,3.0,3.0,4.0,4.0,1.0,1.0,1.0,1.0,1.0,4.0,3.0,4.0,4.0,5.0,3.0,5.0,4.0,3.0,1.0,1.0,4.0,5.0,3.0,4.0,4.0,5.0,4.0,5.0,5.0,5.0,4.0,5.0,5.0,4.0,4.0,5.0,,,5.0,1
Lead A,0.24,0.2676655352115631,4.0,4.0,4.0,4.0,4.0,4.0,5.0,0.0,0.0,0.0,4.0,4.0,2.0,2.0,5.0,3.0,1.0,2.0,1.0,1.0,1.0,1.0,3.0,5.0,4.0,4.0,1.0,3.0,5.0,1.0,1.0,1.0,1.0,5.0,3.0,3.0,4.0,1.0,2.0,5.0,1
Lisa Anne Prospect,0.24,0.0791022852063179,5.0,4.0,4.0,3.0,4.0,2.0,2.0,1.0,1.0,1.0,3.0,3.0,2.0,2.0,4.0,3.0,4.0,3.0,1.0,5.0,1.0,1.0,5.0,4.0,4.0,4.0,3.0,3.0,5.0,5.0,5.0,5.0,5.0,5.0,5.0,4.0,5.0,,,5.0,0
Lobak,0.25,0.27600371837615967,4.0,3.0,4.0,4.0,4.0,4.0,4.0,1.0,1.0,1.0,4.0,4.0,3.0,2.0,4.0,3.0,4.0,2.0,4.0,1.0,1.0,1.0,4.0,4.0,4.0,4.0,5.0,3.0,5.0,5.0,5.0,5.0,5.0,5.0,4.0,3.0,4.0,1.0,1.0,5.0,1
Lobak 2,0.5,0.10355482250452042,3.0,2.0,4.0,3.0,3.0,3.0,4.0,1.0,1.0,1.0,3.0,4.0,2.0,1.0,4.0,3.0,2.0,2.0,4.0,1.0,1.0,1.0,5.0,4.0,4.0,4.0,5.0,3.0,5.0,5.0,5.0,5.0,5.0,5.0,4.0,3.0,4.0,1.0,1.0,5.0,0
Lobster (Rev Jan 2004),0.15,0.23350568115711212,4.0,4.0,4.0,4.0,4.0,1.0,1.0,1.0,1.0,1.0,3.0,3.0,4.0,4.0,4.0,3.0,5.0,5.0,4.0,1.0,1.0,3.0,4.0,4.0,4.0,4.0,3.0,3.0,5.0,3.0,3.0,4.0,2.0,5.0,4.0,2.0,4.0,,,5.0,1
Main Pass 125 (3000' sand),0.28,0.17037713527679443,5.0,5.0,4.0,3.0,0.0,3.0,0.0,4.0,2.0,0.0,4.0,3.0,2.0,2.0,4.0,3.0,2.0,2.0,1.0,4.0,1.0,1.0,5.0,4.0,4.0,4.0,5.0,4.0,5.0,5.0,5.0,5.0,5.0,5.0,3.0,3.0,5.0,1.0,1.0,5.0,1
Main Pass 125 (3500' sand),0.28,-0.02421325258910656,4.0,2.0,3.0,3.0,0.0,3.0,0.0,4.0,2.0,0.0,2.0,1.0,2.0,2.0,4.0,3.0,2.0,2.0,1.0,4.0,1.0,1.0,5.0,4.0,4.0,4.0,5.0,4.0,5.0,5.0,5.0,5.0,5.0,5.0,3.0,3.0,5.0,1.0,1.0,5.0,0
Main Pass 181 (rev Nov-2003),0.33,0.32933515310287476,4.0,4.0,5.0,4.0,5.0,1.0,1.0,1.0,1.0,1.0,5.0,3.0,2.0,5.0,5.0,3.0,5.0,2.0,3.0,3.0,2.0,3.0,2.0,5.0,4.0,4.0,4.0,3.0,5.0,5.0,5.0,5.0,5.0,5.0,3.0,5.0,5.0,,,5.0,1
Main Pass 227 (Rev Dec 2003),0.33,0.41927558183670044,5.0,4.0,5.0,1.0,1.0,1.0,1.0,1.0,1.0,1.0,4.0,3.0,2.0,5.0,5.0,3.0,5.0,5.0,4.0,4.0,3.0,4.0,5.0,3.0,4.0,4.0,5.0,5.0,5.0,5.0,5.0,5.0,5.0,5.0,5.0,5.0,5.0,,,5.0,1
Main Pass 266 Prospect,0.35,0.055040620267391205,4.0,3.0,4.0,4.0,0.0,3.0,4.0,0.0,0.0,0.0,2.0,3.0,2.0,3.0,3.0,3.0,2.0,2.0,1.0,1.0,1.0,1.0,5.0,2.0,4.0,4.0,3.0,3.0,5.0,5.0,3.0,5.0,5.0,5.0,4.0,3.0,5.0,0.0,0.0,5.0,0
Main Pass 280 SS #8 Well,0.26,-0.03144153952598572,3.0,2.0,2.0,3.0,3.0,3.0,4.0,0.0,0.0,0.0,1.0,4.0,2.0,1.0,4.0,3.0,3.0,3.0,1.0,1.0,1.0,1.0,4.0,4.0,4.0,4.0,3.0,3.0,5.0,4.0,5.0,5.0,5.0,5.0,4.0,4.0,5.0,1.0,1.0,5.0,0
Main Pass 302 (rev Nov-2003),0.15,0.05277935788035393,4.0,3.0,2.0,1.0,1.0,1.0,1.0,1.0,1.0,1.0,3.0,3.0,2.0,3.0,4.0,3.0,5.0,2.0,3.0,4.0,1.0,1.0,4.0,3.0,4.0,4.0,5.0,2.0,5.0,5.0,5.0,5.0,4.0,5.0,5.0,2.0,4.0,,,5.0,0
Main Pass Miocene (Rev Dec 2003),0.05,0.048876069486141205,4.0,2.0,3.0,4.0,4.0,1.0,1.0,1.0,1.0,1.0,2.0,3.0,2.0,1.0,4.0,3.0,4.0,2.0,3.0,3.0,1.0,1.0,4.0,3.0,4.0,4.0,3.0,4.0,5.0,3.0,5.0,4.0,3.0,5.0,3.0,4.0,4.0,,,5.0,0
Miocene,0.05,-0.07747315615415573,5.0,4.0,4.0,3.0,3.0,3.0,3.0,1.0,1.0,1.0,4.0,3.0,2.0,3.0,4.0,3.0,2.0,3.0,1.0,5.0,1.0,1.0,5.0,5.0,4.0,4.0,4.0,3.0,5.0,5.0,4.0,5.0,5.0,5.0,3.0,3.0,4.0,,3.0,5.0,0
Mississippi Canyon U Miocene Channel Levee,0.12,0.2789718210697174,5.0,5.0,5.0,5.0,0.0,5.0,5.0,0.0,0.0,0.0,2.0,3.0,2.0,2.0,5.0,3.0,2.0,2.0,4.0,1.0,1.0,3.0,4.0,4.0,4.0,4.0,4.0,2.0,5.0,5.0,5.0,5.0,5.0,5.0,4.0,3.0,5.0,1.0,1.0,5.0,1
Mon Prospect  ,0.12,-0.019288627430796623,3.0,2.0,2.0,2.0,3.0,3.0,3.0,4.0,4.0,4.0,2.0,3.0,2.0,2.0,4.0,3.0,4.0,2.0,1.0,2.0,1.0,1.0,4.0,5.0,4.0,4.0,4.0,2.0,5.0,5.0,5.0,5.0,5.0,5.0,4.0,4.0,5.0,0.0,0.0,5.0,0
Monica Prospect (Rev Apr 2007),0.2,0.10862728208303452,4.0,5.0,5.0,3.0,4.0,4.0,4.0,4.0,4.0,4.0,5.0,2.0,3.0,1.0,5.0,3.0,5.0,3.0,4.0,1.0,1.0,1.0,4.0,5.0,4.0,4.0,4.0,4.0,5.0,4.0,4.0,3.0,4.0,5.0,4.0,4.0,4.0,1.0,4.0,5.0,1
Morgan Prospect,0.4,0.1530088633298874,3.0,4.0,4.0,3.0,4.0,4.0,4.0,0.0,0.0,0.0,3.0,3.0,2.0,2.0,4.0,3.0,1.0,3.0,1.0,2.0,1.0,1.0,3.0,3.0,4.0,4.0,1.0,4.0,5.0,1.0,1.0,1.0,1.0,5.0,2.0,3.0,4.0,1.0,4.0,5.0,1
Mt Massive Prospect,0.15,-0.048452965915203094,3.0,2.0,4.0,3.0,3.0,2.0,2.0,1.0,1.0,1.0,2.0,3.0,2.0,1.0,4.0,3.0,2.0,3.0,5.0,5.0,1.0,1.0,5.0,3.0,4.0,4.0,3.0,2.0,5.0,4.0,5.0,5.0,5.0,5.0,3.0,3.0,3.0,,,5.0,0
Myanmar-1 (Rev Dec-2003),0.6,0.22718310356140137,4.0,4.0,5.0,1.0,1.0,1.0,1.0,1.0,1.0,1.0,4.0,3.0,5.0,5.0,4.0,3.0,2.0,4.0,1.0,1.0,1.0,1.0,5.0,1.0,4.0,4.0,2.0,1.0,5.0,1.0,5.0,5.0,5.0,5.0,2.0,3.0,5.0,,,5.0,1
Myanmar-2 (Rev Dec 2003),0.26,0.04529493302106857,3.0,4.0,5.0,1.0,1.0,1.0,1.0,1.0,1.0,1.0,1.0,3.0,4.0,3.0,3.0,3.0,2.0,2.0,1.0,1.0,1.0,1.0,4.0,3.0,4.0,4.0,3.0,2.0,5.0,5.0,3.0,5.0,5.0,5.0,1.0,3.0,5.0,,,5.0,0
Myanmar-3 (Rev 2003),0.33,0.022684384137392044,4.0,4.0,3.0,1.0,1.0,1.0,1.0,1.0,1.0,1.0,2.0,3.0,3.0,3.0,3.0,3.0,2.0,2.0,1.0,1.0,1.0,1.0,4.0,4.0,4.0,4.0,3.0,2.0,5.0,5.0,3.0,5.0,5.0,5.0,1.0,3.0,5.0,,,5.0,1
N Padre 912 (Rev Dec 2003),0.75,0.40170326828956604,5.0,5.0,5.0,1.0,1.0,1.0,1.0,1.0,1.0,1.0,5.0,3.0,2.0,5.0,5.0,3.0,5.0,2.0,1.0,1.0,1.0,1.0,5.0,3.0,4.0,4.0,5.0,5.0,5.0,5.0,5.0,5.0,5.0,5.0,4.0,5.0,3.0,,,5.0,1
Nag (Rev Dec 2003),0.29,0.14223206043243408,4.0,3.0,4.0,4.0,4.0,1.0,1.0,1.0,1.0,1.0,3.0,3.0,2.0,5.0,4.0,3.0,4.0,2.0,2.0,2.0,2.0,1.0,1.0,5.0,4.0,4.0,2.0,3.0,5.0,4.0,4.0,3.0,3.0,5.0,3.0,2.0,3.0,,,5.0,0
Natuna Sea Gas Prospect,0.17,0.1492895781993866,4.0,3.0,2.0,5.0,4.0,5.0,4.0,4.0,3.0,3.0,2.0,4.0,2.0,1.0,4.0,3.0,4.0,2.0,3.0,1.0,1.0,1.0,4.0,5.0,4.0,4.0,4.0,2.0,5.0,5.0,5.0,5.0,5.0,5.0,4.0,4.0,5.0,0.0,0.0,5.0,0
Natuna-1 (Rev Dec 2003),0.21,0.09907708317041397,5.0,4.0,5.0,1.0,1.0,1.0,1.0,1.0,1.0,1.0,4.0,3.0,2.0,3.0,3.0,3.0,2.0,2.0,1.0,1.0,2.0,1.0,1.0,5.0,4.0,4.0,2.0,2.0,5.0,2.0,3.0,5.0,5.0,5.0,2.0,5.0,2.0,,,5.0,0
Navajo,0.22,0.19548653066158295,4.0,3.0,3.0,4.0,4.0,4.0,4.0,1.0,1.0,1.0,4.0,3.0,2.0,3.0,4.0,3.0,3.0,3.0,1.0,1.0,1.0,1.0,5.0,3.0,4.0,4.0,4.0,3.0,5.0,4.0,5.0,5.0,5.0,5.0,4.0,3.0,4.0,,,5.0,0
Navajo Updip Sidetrack,0.29,0.28413090109825134,4.0,3.0,4.0,4.0,4.0,4.0,4.0,1.0,1.0,1.0,4.0,3.0,4.0,4.0,5.0,3.0,3.0,4.0,1.0,1.0,1.0,1.0,5.0,3.0,4.0,4.0,4.0,3.0,5.0,4.0,5.0,5.0,5.0,5.0,4.0,3.0,4.0,,,5.0,1
NE-KES Prospect,0.29,0.05564429610967636,4.0,4.0,2.0,4.0,3.0,4.0,3.0,0.0,0.0,0.0,2.0,4.0,2.0,2.0,4.0,3.0,2.0,2.0,1.0,3.0,1.0,1.0,4.0,4.0,4.0,4.0,4.0,2.0,5.0,5.0,5.0,4.0,5.0,5.0,3.0,4.0,5.0,0.0,0.0,5.0,0
Neptune Prospect,0.21,0.2675442695617676,4.0,4.0,4.0,0.0,0.0,0.0,0.0,0.0,0.0,0.0,5.0,5.0,4.0,3.0,4.0,3.0,3.0,4.0,1.0,4.0,5.0,1.0,5.0,4.0,4.0,4.0,5.0,3.0,5.0,5.0,5.0,5.0,5.0,5.0,5.0,3.0,5.0,0.0,0.0,5.0,1
Newfield AVO Prospect 2700 ms,0.33,-0.17363311350345612,3.0,3.0,2.0,4.0,3.0,4.0,4.0,1.0,1.0,1.0,3.0,1.0,2.0,1.0,4.0,3.0,2.0,3.0,4.0,4.0,1.0,1.0,3.0,4.0,4.0,4.0,3.0,3.0,5.0,5.0,5.0,5.0,5.0,5.0,5.0,3.0,5.0,,,5.0,0
Newfield AVO Prospect 3200 ms,0.3,0.017752284184098244,4.0,3.0,4.0,4.0,3.0,4.0,4.0,1.0,1.0,1.0,3.0,3.0,2.0,2.0,4.0,3.0,2.0,3.0,4.0,4.0,1.0,1.0,2.0,4.0,4.0,4.0,4.0,3.0,5.0,5.0,4.0,5.0,5.0,5.0,4.0,3.0,5.0,,,5.0,1
Newfield Class II,0.33,0.24600592255592346,5.0,4.0,5.0,5.0,4.0,5.0,5.0,3.0,3.0,3.0,4.0,3.0,2.0,3.0,5.0,4.0,2.0,5.0,5.0,5.0,4.0,3.0,1.0,4.0,4.0,4.0,1.0,3.0,5.0,1.0,2.0,4.0,4.0,5.0,4.0,5.0,5.0,,2.0,5.0,1
Nile Delta (rev Oct-2003),0.15,0.21695013344287872,5.0,4.0,4.0,3.0,3.0,3.0,3.0,3.0,3.0,3.0,4.0,3.0,5.0,5.0,5.0,3.0,2.0,4.0,1.0,1.0,4.0,2.0,5.0,5.0,4.0,4.0,4.0,4.0,5.0,4.0,4.0,4.0,4.0,5.0,4.0,5.0,5.0,,,5.0,1
Nirvana,0.15,-0.03891747444868088,4.0,2.0,2.0,3.0,3.0,3.0,1.0,1.0,1.0,1.0,3.0,3.0,2.0,1.0,4.0,3.0,2.0,3.0,3.0,5.0,1.0,1.0,4.0,3.0,4.0,4.0,3.0,2.0,5.0,3.0,5.0,5.0,5.0,5.0,3.0,3.0,4.0,,,5.0,0
Noble Miocene Well #2,0.36,0.10041975229978561,4.0,3.0,4.0,0.0,0.0,0.0,0.0,0.0,0.0,0.0,3.0,4.0,2.0,2.0,3.0,3.0,2.0,2.0,1.0,5.0,1.0,1.0,4.0,5.0,4.0,4.0,5.0,2.0,5.0,5.0,5.0,5.0,5.0,5.0,4.0,4.0,5.0,0.0,0.0,5.0,1
North Atlantic WC (Rev Dec 2003),0.05,-0.019019564613699913,3.0,2.0,2.0,4.0,4.0,1.0,1.0,1.0,1.0,1.0,3.0,3.0,4.0,3.0,3.0,3.0,2.0,3.0,1.0,1.0,2.0,1.0,1.0,5.0,4.0,4.0,2.0,2.0,5.0,2.0,5.0,2.0,1.0,5.0,2.0,2.0,2.0,,,5.0,0
North Boomvang,0.33,0.27693822979927063,5.0,5.0,4.0,2.0,2.0,3.0,3.0,1.0,1.0,1.0,4.0,3.0,4.0,4.0,4.0,3.0,4.0,5.0,5.0,1.0,2.0,1.0,5.0,4.0,4.0,4.0,4.0,4.0,5.0,5.0,5.0,5.0,5.0,5.0,4.0,4.0,5.0,,,5.0,1
North Channel Prospect,0.18,-0.10878786444664001,2.0,3.0,2.0,3.0,3.0,3.0,3.0,0.0,0.0,0.0,2.0,4.0,2.0,2.0,4.0,3.0,2.0,4.0,2.0,1.0,1.0,4.0,2.0,5.0,4.0,4.0,4.0,3.0,5.0,5.0,5.0,4.0,4.0,5.0,4.0,5.0,5.0,0.0,3.0,5.0,0
North Flank Salt Dome - Loc #2,0.35,0.048963434994220734,4.0,3.0,4.0,4.0,5.0,5.0,5.0,5.0,3.0,4.0,3.0,3.0,4.0,5.0,5.0,4.0,4.0,4.0,4.0,5.0,5.0,3.0,4.0,5.0,4.0,5.0,5.0,3.0,5.0,1.0,1.0,1.0,1.0,5.0,4.0,4.0,4.0,1.0,4.0,5.0,0
North Flank Salt Dome - Loc #3,0.35,0.11687725782394409,4.0,3.0,4.0,4.0,5.0,5.0,5.0,5.0,3.0,4.0,3.0,3.0,3.0,4.0,5.0,4.0,4.0,4.0,4.0,5.0,5.0,3.0,3.0,4.0,4.0,5.0,5.0,3.0,5.0,1.0,1.0,1.0,1.0,5.0,4.0,4.0,4.0,1.0,4.0,5.0,1
North Sea #2,0.6,0.21078698337078094,5.0,4.0,3.0,5.0,4.0,4.0,5.0,1.0,1.0,1.0,5.0,3.0,3.0,4.0,5.0,3.0,4.0,3.0,4.0,5.0,3.0,3.0,4.0,4.0,4.0,4.0,2.0,3.0,5.0,5.0,5.0,5.0,5.0,5.0,4.0,3.0,5.0,,3.0,5.0,1
North Sea #3,0.6,0.26825836300849915,5.0,4.0,3.0,5.0,5.0,5.0,5.0,1.0,1.0,1.0,5.0,3.0,3.0,4.0,5.0,3.0,4.0,3.0,4.0,5.0,3.0,3.0,4.0,4.0,4.0,4.0,2.0,3.0,5.0,5.0,5.0,5.0,5.0,5.0,4.0,3.0,5.0,,3.0,5.0,1
North Sea #1,0.6,0.1765652298927307,5.0,4.0,3.0,4.0,4.0,4.0,5.0,1.0,1.0,1.0,5.0,3.0,3.0,4.0,5.0,3.0,4.0,3.0,4.0,5.0,3.0,3.0,4.0,4.0,4.0,4.0,2.0,3.0,5.0,5.0,5.0,5.0,5.0,5.0,4.0,3.0,5.0,,3.0,5.0,1
Northern Europe 'Prospect A',0.36,0.283114492893219,3.0,2.0,3.0,4.0,4.0,4.0,4.0,0.0,0.0,0.0,4.0,4.0,5.0,4.0,4.0,3.0,3.0,3.0,1.0,4.0,1.0,1.0,4.0,4.0,4.0,4.0,5.0,3.0,5.0,5.0,5.0,5.0,5.0,5.0,4.0,3.0,5.0,1.0,1.0,5.0,1
Northern Europe 'Prospect B',0.35,0.10575637221336365,2.0,2.0,2.0,4.0,4.0,4.0,4.0,0.0,0.0,0.0,2.0,4.0,3.0,4.0,4.0,3.0,3.0,3.0,1.0,4.0,1.0,1.0,4.0,4.0,4.0,4.0,5.0,3.0,5.0,5.0,5.0,5.0,5.0,5.0,4.0,4.0,5.0,1.0,1.0,5.0,1
Norway Injectite,0.25,0.06884421408176422,4.0,1.0,2.0,4.0,4.0,4.0,4.0,1.0,1.0,1.0,4.0,1.0,3.0,1.0,4.0,3.0,4.0,2.0,1.0,1.0,1.0,1.0,2.0,5.0,4.0,4.0,4.0,3.0,5.0,5.0,5.0,5.0,5.0,5.0,4.0,4.0,4.0,1.0,1.0,5.0,1
NW Africa Deep Water ,0.1,-0.07868605852127075,4.0,4.0,3.0,2.0,3.0,3.0,3.0,3.0,3.0,3.0,2.0,4.0,3.0,3.0,3.0,3.0,3.0,2.0,1.0,2.0,1.0,1.0,4.0,5.0,4.0,4.0,3.0,2.0,5.0,5.0,3.0,5.0,5.0,5.0,3.0,3.0,3.0,,2.0,5.0,0
NW Europe,0.05,-0.07752250134944916,3.0,3.0,2.0,4.0,3.0,4.0,4.0,1.0,1.0,1.0,3.0,3.0,2.0,2.0,4.0,3.0,2.0,3.0,4.0,4.0,1.0,1.0,5.0,4.0,4.0,4.0,1.0,5.0,5.0,5.0,5.0,1.0,5.0,5.0,5.0,5.0,5.0,,,5.0,0
NW Shelf (Rev Dec 2003),0.15,-0.06832746416330338,2.0,1.0,2.0,3.0,4.0,1.0,1.0,1.0,1.0,1.0,3.0,3.0,2.0,2.0,4.0,3.0,4.0,2.0,1.0,1.0,1.0,1.0,4.0,4.0,4.0,4.0,3.0,2.0,5.0,4.0,5.0,5.0,5.0,5.0,5.0,3.0,4.0,,,5.0,0
Ocean GOMb-Broken Point (Rev Dec 2003),0.33,0.030204983428120613,5.0,3.0,2.0,1.0,1.0,1.0,1.0,1.0,1.0,1.0,3.0,3.0,2.0,2.0,4.0,3.0,4.0,4.0,3.0,5.0,2.0,2.0,4.0,3.0,4.0,4.0,5.0,2.0,5.0,3.0,4.0,5.0,5.0,5.0,3.0,3.0,4.0,,,5.0,1
Ocean GOMi (Rev Jan 2004),0.05,-0.02007742039859295,4.0,2.0,3.0,1.0,1.0,1.0,1.0,1.0,1.0,1.0,3.0,3.0,2.0,2.0,4.0,3.0,3.0,4.0,1.0,3.0,1.0,1.0,3.0,4.0,4.0,4.0,2.0,2.0,5.0,3.0,4.0,4.0,2.0,5.0,2.0,2.0,3.0,,,5.0,0
Ocean GOMj-Joyce (Rev Dec 2003),0.33,-0.02705046534538269,4.0,2.0,2.0,1.0,1.0,1.0,1.0,1.0,1.0,1.0,3.0,3.0,2.0,2.0,3.0,3.0,4.0,4.0,3.0,2.0,2.0,2.0,4.0,3.0,4.0,4.0,5.0,2.0,5.0,3.0,4.0,5.0,5.0,5.0,3.0,3.0,4.0,,,5.0,0
Ocean GOMm-Malibu (Rev Dec 2003),0.33,0.12441252917051315,5.0,2.0,4.0,5.0,4.0,1.0,1.0,1.0,1.0,1.0,3.0,3.0,2.0,2.0,5.0,3.0,4.0,2.0,1.0,1.0,1.0,1.0,4.0,2.0,4.0,4.0,3.0,3.0,5.0,3.0,4.0,5.0,4.0,5.0,2.0,3.0,5.0,,,5.0,1
Ocean GOMn (Rev Jan 2004),0.33,0.13260219991207123,3.0,2.0,4.0,5.0,4.0,3.0,3.0,4.0,4.0,4.0,3.0,3.0,2.0,4.0,3.0,3.0,2.0,3.0,1.0,1.0,1.0,1.0,3.0,3.0,4.0,4.0,5.0,3.0,5.0,5.0,5.0,4.0,3.0,5.0,5.0,3.0,4.0,,,5.0,1
Ocean GOMp-Poseidon (Revision 2),0.15,0.15661507844924927,4.0,4.0,4.0,1.0,1.0,1.0,1.0,1.0,1.0,1.0,4.0,3.0,2.0,1.0,5.0,3.0,2.0,5.0,1.0,1.0,1.0,1.0,5.0,5.0,4.0,4.0,5.0,3.0,5.0,5.0,5.0,5.0,5.0,5.0,1.0,5.0,4.0,,,5.0,1
Ocean GOMr (Rev Dec 2003),0.05,0.15303835272789001,4.0,3.0,2.0,1.0,1.0,1.0,1.0,1.0,1.0,1.0,4.0,4.0,4.0,5.0,5.0,3.0,2.0,2.0,3.0,5.0,2.0,4.0,1.0,5.0,4.0,4.0,3.0,2.0,5.0,4.0,4.0,4.0,4.0,5.0,4.0,3.0,5.0,,,5.0,0
Ocean GOMz (Rev Dec 2003),0.15,0.03285279870033264,4.0,3.0,3.0,1.0,1.0,1.0,1.0,1.0,1.0,1.0,3.0,3.0,2.0,2.0,4.0,3.0,3.0,3.0,2.0,3.0,1.0,1.0,2.0,5.0,4.0,4.0,3.0,3.0,5.0,3.0,5.0,4.0,3.0,5.0,3.0,2.0,4.0,,,5.0,1
Offshore Angola (Rev Dec 2003),0.05,0.03618711605668068,4.0,3.0,3.0,3.0,3.0,3.0,4.0,3.0,3.0,3.0,3.0,4.0,2.0,1.0,3.0,3.0,2.0,2.0,1.0,2.0,1.0,1.0,1.0,5.0,4.0,4.0,3.0,3.0,5.0,4.0,5.0,5.0,5.0,5.0,4.0,4.0,4.0,,,5.0,0
Offshore Louisiana Miocene,0.08,0.10358864814043045,4.0,3.0,3.0,5.0,5.0,4.0,5.0,1.0,1.0,1.0,3.0,2.0,2.0,1.0,4.0,3.0,2.0,3.0,4.0,4.0,1.0,1.0,5.0,4.0,4.0,4.0,3.0,3.0,5.0,5.0,5.0,5.0,3.0,5.0,5.0,3.0,5.0,,,5.0,0
Okume-5 Lower,0.16,-0.011117171496152878,4.0,4.0,4.0,2.0,2.0,2.0,2.0,0.0,0.0,0.0,3.0,4.0,2.0,2.0,4.0,3.0,4.0,2.0,1.0,4.0,1.0,1.0,1.0,1.0,4.0,4.0,2.0,3.0,5.0,5.0,5.0,5.0,3.0,5.0,4.0,4.0,5.0,0.0,0.0,5.0,0
Okume-5 Upper,0.2,0.27234214544296265,4.0,3.0,5.0,5.0,5.0,4.0,5.0,0.0,0.0,0.0,3.0,4.0,2.0,2.0,4.0,3.0,4.0,2.0,1.0,4.0,1.0,1.0,5.0,5.0,4.0,4.0,2.0,3.0,5.0,5.0,5.0,5.0,3.0,5.0,4.0,4.0,5.0,0.0,0.0,5.0,1
Onshore Gulf Coast 1,0.4,0.2548483908176422,4.0,5.0,5.0,4.0,3.0,3.0,4.0,0.0,0.0,0.0,5.0,3.0,4.0,2.0,4.0,3.0,2.0,2.0,3.0,4.0,1.0,1.0,4.0,3.0,4.0,4.0,4.0,3.0,5.0,4.0,3.0,5.0,5.0,5.0,4.0,4.0,5.0,1.0,1.0,5.0,1
Onshore Gulf Coast 2 (sand #9),0.58,-0.22404585778713226,3.0,2.0,2.0,2.0,2.0,2.0,2.0,0.0,0.0,0.0,2.0,3.0,2.0,1.0,3.0,3.0,1.0,3.0,1.0,1.0,1.0,1.0,3.0,3.0,4.0,4.0,5.0,3.0,5.0,1.0,1.0,1.0,5.0,5.0,3.0,3.0,4.0,5.0,3.0,5.0,0
Onshore Louisiana Lower Miocene,0.6,0.33519217371940613,4.0,4.0,5.0,5.0,4.0,4.0,4.0,1.0,1.0,1.0,4.0,3.0,2.0,3.0,5.0,3.0,4.0,3.0,5.0,4.0,1.0,1.0,5.0,5.0,4.0,4.0,5.0,4.0,5.0,5.0,5.0,5.0,5.0,5.0,5.0,4.0,5.0,,,5.0,1
Orange Anomaly,0.14,0.029890945181250572,4.0,3.0,4.0,0.0,0.0,0.0,0.0,0.0,0.0,0.0,3.0,3.0,1.0,1.0,3.0,3.0,2.0,3.0,1.0,1.0,1.0,1.0,1.0,5.0,5.0,4.0,2.0,5.0,5.0,1.0,5.0,2.0,5.0,5.0,3.0,2.0,5.0,1.0,1.0,5.0,0
Oyster (Rev Jan 2004),0.05,0.34167519211769104,4.0,5.0,4.0,5.0,4.0,1.0,1.0,1.0,1.0,1.0,5.0,3.0,3.0,4.0,5.0,3.0,5.0,5.0,1.0,1.0,1.0,5.0,5.0,4.0,4.0,4.0,3.0,2.0,5.0,3.0,3.0,5.0,4.0,5.0,4.0,4.0,5.0,,,5.0,1
Peggy's Cove,0.29,-0.07755927741527557,3.0,2.0,2.0,2.0,3.0,3.0,2.0,0.0,0.0,0.0,3.0,3.0,3.0,2.0,3.0,3.0,1.0,3.0,1.0,1.0,1.0,3.0,4.0,4.0,4.0,4.0,1.0,3.0,5.0,1.0,1.0,1.0,1.0,5.0,4.0,4.0,5.0,1.0,3.0,5.0,1
Pinto Prospect,0.21,0.20126082003116608,4.0,4.0,4.0,4.0,3.0,4.0,5.0,4.0,4.0,0.0,3.0,3.0,2.0,3.0,4.0,3.0,2.0,2.0,1.0,1.0,1.0,1.0,5.0,4.0,4.0,4.0,4.0,2.0,5.0,5.0,5.0,5.0,5.0,5.0,5.0,4.0,5.0,0.0,0.0,5.0,1
"Pleistocene, West Cameron (Rev Dec 2003)",0.33,0.23639698326587677,5.0,4.0,4.0,4.0,4.0,1.0,1.0,1.0,1.0,1.0,4.0,3.0,2.0,4.0,4.0,3.0,3.0,4.0,4.0,2.0,1.0,1.0,5.0,5.0,4.0,4.0,3.0,3.0,5.0,3.0,5.0,4.0,2.0,5.0,3.0,2.0,4.0,,,5.0,1
PMH area (Rev Jan 2004),0.33,0.030791401863098145,4.0,3.0,4.0,3.0,3.0,1.0,1.0,1.0,1.0,1.0,2.0,3.0,2.0,1.0,4.0,3.0,2.0,4.0,4.0,2.0,1.0,1.0,2.0,5.0,4.0,4.0,4.0,2.0,5.0,3.0,5.0,4.0,2.0,5.0,2.0,2.0,4.0,,,5.0,1
Poodle Deep Miocene,0.25,-0.06676986813545227,3.0,2.0,4.0,2.0,3.0,2.0,2.0,0.0,0.0,0.0,3.0,5.0,2.0,1.0,3.0,3.0,1.0,3.0,3.0,1.0,1.0,1.0,2.0,5.0,4.0,4.0,1.0,2.0,5.0,1.0,1.0,1.0,1.0,5.0,2.0,2.0,4.0,1.0,2.0,5.0,0
Prospect 164 - Lower Target ,0.23,0.15107114613056183,3.0,4.0,5.0,4.0,5.0,5.0,5.0,5.0,5.0,4.0,3.0,5.0,5.0,3.0,5.0,3.0,4.0,4.0,4.0,5.0,4.0,3.0,4.0,3.0,4.0,4.0,4.0,3.0,5.0,1.0,1.0,1.0,1.0,5.0,4.0,4.0,5.0,1.0,4.0,5.0,1
Prospect 164 Upper Target,0.21,0.24718554317951202,5.0,3.0,5.0,5.0,4.0,5.0,5.0,5.0,5.0,4.0,4.0,5.0,5.0,4.0,4.0,3.0,4.0,4.0,4.0,4.0,4.0,3.0,3.0,3.0,4.0,4.0,4.0,3.0,5.0,4.0,5.0,5.0,5.0,5.0,4.0,4.0,4.0,1.0,1.0,5.0,1
Prospect A,0.15,0.06724972277879715,5.0,3.0,4.0,4.0,3.0,4.0,4.0,4.0,4.0,3.0,3.0,3.0,3.0,2.0,4.0,3.0,3.0,3.0,1.0,1.0,1.0,3.0,3.0,4.0,5.0,4.0,4.0,2.0,5.0,4.0,5.0,5.0,5.0,5.0,4.0,3.0,5.0,1.0,1.0,5.0,0
Prospect A (UK 23/16),0.16,0.16510814428329468,2.0,3.0,3.0,4.0,4.0,4.0,4.0,0.0,0.0,0.0,4.0,4.0,2.0,1.0,5.0,3.0,0.0,3.0,1.0,1.0,0.0,1.0,5.0,1.0,4.0,4.0,0.0,3.0,5.0,0.0,0.0,0.0,0.0,5.0,4.0,3.0,4.0,0.0,3.0,5.0,1
"Prospect 'CC""",0.3,0.06142682582139969,3.0,4.0,1.0,5.0,5.0,2.0,1.0,4.0,4.0,4.0,3.0,4.0,2.0,2.0,4.0,3.0,4.0,2.0,1.0,5.0,1.0,1.0,5.0,2.0,4.0,4.0,5.0,4.0,5.0,5.0,5.0,5.0,5.0,5.0,4.0,4.0,5.0,0.0,0.0,5.0,0
Prospect H ,0.2,0.048218339681625366,4.0,2.0,3.0,1.0,1.0,1.0,1.0,1.0,1.0,1.0,3.0,3.0,3.0,2.0,4.0,3.0,2.0,3.0,1.0,1.0,1.0,1.0,1.0,5.0,4.0,4.0,4.0,3.0,5.0,5.0,5.0,5.0,5.0,5.0,5.0,4.0,5.0,1.0,1.0,5.0,0
Prospect N - Sand 1,0.1,0.09232413023710251,5.0,5.0,5.0,4.0,3.0,4.0,4.0,1.0,1.0,1.0,3.0,2.0,2.0,2.0,4.0,3.0,2.0,3.0,4.0,4.0,1.0,1.0,5.0,4.0,4.0,4.0,5.0,2.0,5.0,5.0,5.0,5.0,5.0,5.0,4.0,4.0,4.0,,,5.0,0
Prospect N - Sand 2_,0.22,0.20622260868549347,5.0,5.0,5.0,4.0,3.0,4.0,4.0,1.0,1.0,1.0,5.0,3.0,2.0,2.0,4.0,3.0,2.0,3.0,4.0,4.0,1.0,1.0,5.0,4.0,4.0,4.0,5.0,2.0,5.0,5.0,5.0,5.0,5.0,5.0,4.0,4.0,4.0,,,5.0,1
Prospect N - Sand 3_,0.33,0.1240750402212143,5.0,5.0,5.0,4.0,3.0,4.0,4.0,1.0,1.0,1.0,3.0,3.0,2.0,2.0,4.0,3.0,2.0,3.0,4.0,4.0,1.0,1.0,5.0,4.0,4.0,4.0,5.0,2.0,5.0,5.0,5.0,5.0,5.0,5.0,4.0,4.0,4.0,,,5.0,1
Prospect Naglfar - Norwegian Sea,0.2,-0.028556063771247864,2.0,2.0,2.0,4.0,4.0,3.0,2.0,4.0,4.0,3.0,2.0,4.0,2.0,1.0,4.0,3.0,3.0,3.0,2.0,2.0,1.0,1.0,4.0,4.0,4.0,4.0,4.0,2.0,5.0,4.0,5.0,4.0,5.0,5.0,4.0,4.0,5.0,1.0,1.0,5.0,0
Prospect RC ,0.15,-0.017979543656110764,3.0,2.0,4.0,3.0,3.0,3.0,4.0,1.0,1.0,1.0,2.0,2.0,2.0,1.0,3.0,3.0,2.0,3.0,1.0,1.0,1.0,1.0,2.0,4.0,4.0,4.0,4.0,2.0,5.0,3.0,4.0,5.0,5.0,5.0,4.0,3.0,4.0,1.0,1.0,5.0,1
"Prospect S-1, International",0.1,0.12975338101387024,4.0,3.0,4.0,4.0,3.0,4.0,4.0,4.0,3.0,3.0,4.0,3.0,4.0,2.0,4.0,3.0,2.0,3.0,1.0,5.0,1.0,1.0,1.0,5.0,4.0,4.0,3.0,2.0,5.0,4.0,4.0,3.0,3.0,5.0,4.0,4.0,4.0,1.0,1.0,5.0,0
Prospect T-1 ,0.07,-0.053136348724365234,4.0,2.0,2.0,4.0,4.0,4.0,4.0,0.0,0.0,0.0,1.0,2.0,3.0,1.0,4.0,3.0,2.0,2.0,1.0,1.0,1.0,1.0,1.0,5.0,4.0,4.0,1.0,2.0,5.0,2.0,4.0,4.0,3.0,5.0,2.0,2.0,5.0,1.0,1.0,5.0,0
Prospect W - Sand #1,0.15,0.26238638162612915,5.0,4.0,4.0,4.0,4.0,4.0,4.0,1.0,1.0,1.0,4.0,2.0,2.0,2.0,5.0,3.0,3.0,3.0,1.0,4.0,1.0,5.0,4.0,3.0,4.0,4.0,5.0,3.0,5.0,5.0,5.0,5.0,5.0,5.0,3.0,4.0,5.0,1.0,1.0,5.0,1
Prospect X (Premier),0.21,0.019215498119592667,4.0,2.0,3.0,3.0,3.0,3.0,4.0,4.0,3.0,3.0,2.0,3.0,2.0,2.0,4.0,3.0,0.0,3.0,3.0,1.0,0.0,1.0,1.0,5.0,4.0,4.0,0.0,2.0,5.0,0.0,0.0,0.0,0.0,5.0,3.0,4.0,5.0,0.0,4.0,5.0,0
Prospect X Tullow,0.1,-0.02894614264369011,5.0,2.0,2.0,4.0,3.0,3.0,4.0,0.0,0.0,0.0,1.0,3.0,2.0,2.0,3.0,3.0,0.0,3.0,1.0,3.0,0.0,1.0,1.0,5.0,4.0,4.0,0.0,3.0,5.0,0.0,0.0,0.0,0.0,5.0,3.0,4.0,5.0,0.0,4.0,5.0,0
Prospect XYZ Upper Target,0.25,0.3597400188446045,5.0,4.0,4.0,5.0,3.0,5.0,5.0,1.0,1.0,1.0,4.0,4.0,5.0,4.0,4.0,3.0,2.0,3.0,4.0,5.0,1.0,2.0,2.0,3.0,4.0,4.0,4.0,3.0,5.0,5.0,5.0,5.0,5.0,5.0,4.0,4.0,5.0,1.0,1.0,5.0,1
"Prospect XYZ, Lower Target",0.25,0.25595444440841675,5.0,4.0,4.0,4.0,3.0,4.0,4.0,4.0,4.0,3.0,3.0,5.0,4.0,3.0,4.0,3.0,2.0,3.0,4.0,5.0,1.0,2.0,2.0,3.0,4.0,4.0,1.0,3.0,5.0,1.0,1.0,1.0,1.0,5.0,4.0,4.0,5.0,1.0,4.0,5.0,1
Ptolemy (rev Oct-2003),0.33,0.04564468562602997,4.0,3.0,4.0,3.0,3.0,3.0,3.0,3.0,3.0,3.0,3.0,3.0,2.0,2.0,4.0,3.0,2.0,2.0,4.0,2.0,1.0,1.0,2.0,3.0,4.0,4.0,4.0,2.0,5.0,3.0,5.0,5.0,5.0,5.0,3.0,3.0,4.0,,,5.0,0
Rainbow Haven,0.1,-0.10314209014177322,5.0,2.0,4.0,3.0,3.0,3.0,3.0,0.0,0.0,0.0,2.0,2.0,2.0,2.0,4.0,3.0,2.0,3.0,1.0,1.0,1.0,1.0,5.0,5.0,4.0,4.0,4.0,4.0,5.0,1.0,5.0,3.0,4.0,5.0,5.0,2.0,4.0,1.0,1.0,5.0,0
"Ringo - 9800 ft sand, appraisal",0.75,0.20782716572284698,4.0,4.0,4.0,4.0,3.0,3.0,3.0,4.0,4.0,3.0,3.0,3.0,3.0,3.0,4.0,3.0,4.0,3.0,3.0,5.0,1.0,2.0,5.0,4.0,4.0,4.0,5.0,5.0,5.0,5.0,5.0,5.0,5.0,5.0,4.0,4.0,5.0,1.0,1.0,5.0,1
Roaring Fork,0.14,0.18976424634456635,4.0,2.0,3.0,4.0,4.0,4.0,4.0,3.0,4.0,4.0,3.0,4.0,3.0,4.0,4.0,3.0,4.0,2.0,2.0,1.0,1.0,3.0,5.0,4.0,4.0,4.0,4.0,3.0,5.0,4.0,4.0,2.0,4.0,5.0,4.0,4.0,5.0,,,5.0,1
Ronaldo,0.31,0.12503710389137268,4.0,3.0,3.0,4.0,4.0,4.0,4.0,2.0,4.0,3.0,4.0,3.0,2.0,2.0,4.0,3.0,3.0,2.0,1.0,3.0,2.0,2.0,3.0,4.0,4.0,4.0,2.0,3.0,5.0,4.0,4.0,5.0,5.0,5.0,3.0,3.0,2.0,0.0,0.0,5.0,1
Samson Class 2,0.1,-0.19514451920986176,5.0,4.0,4.0,3.0,2.0,2.0,2.0,1.0,1.0,1.0,4.0,3.0,2.0,3.0,4.0,3.0,2.0,3.0,1.0,5.0,1.0,1.0,5.0,5.0,4.0,4.0,4.0,3.0,5.0,5.0,4.0,5.0,5.0,5.0,3.0,3.0,4.0,,3.0,5.0,0
Samson Class 3,0.05,-0.057851240038871765,3.0,3.0,2.0,4.0,4.0,3.0,3.0,1.0,1.0,1.0,1.0,2.0,2.0,1.0,4.0,3.0,2.0,3.0,1.0,1.0,1.0,1.0,1.0,5.0,4.0,4.0,2.0,2.0,5.0,5.0,5.0,5.0,5.0,5.0,5.0,3.0,5.0,,,5.0,0
Sand 1 (Rev Dec 2003),0.15,0.10589462518692017,4.0,3.0,5.0,1.0,1.0,1.0,1.0,1.0,1.0,1.0,4.0,3.0,2.0,3.0,4.0,3.0,2.0,2.0,1.0,5.0,1.0,1.0,4.0,5.0,4.0,4.0,4.0,2.0,5.0,4.0,4.0,4.0,4.0,5.0,2.0,4.0,5.0,,,5.0,1
Sand 3 (Rev Dec 2003),0.15,0.11425656825304031,4.0,3.0,5.0,1.0,1.0,1.0,1.0,1.0,1.0,1.0,4.0,3.0,2.0,3.0,4.0,3.0,2.0,2.0,1.0,5.0,1.0,1.0,4.0,5.0,4.0,4.0,4.0,2.0,5.0,4.0,4.0,4.0,2.0,5.0,2.0,4.0,5.0,,,5.0,1
Sand 9 (Rev Dec 2003),0.15,-0.01443079486489296,3.0,2.0,3.0,1.0,1.0,1.0,1.0,1.0,1.0,1.0,3.0,3.0,2.0,2.0,3.0,3.0,2.0,2.0,1.0,4.0,1.0,1.0,3.0,3.0,4.0,4.0,4.0,2.0,5.0,4.0,4.0,4.0,4.0,5.0,3.0,4.0,5.0,,,5.0,0
Sapphire,0.51,0.41575372219085693,5.0,4.0,5.0,5.0,5.0,5.0,5.0,0.0,0.0,0.0,4.0,5.0,2.0,2.0,4.0,3.0,5.0,2.0,5.0,1.0,1.0,2.0,5.0,2.0,4.0,4.0,5.0,3.0,5.0,5.0,5.0,5.0,5.0,5.0,4.0,5.0,5.0,0.0,0.0,5.0,1
SE Texas Eocene - Well A,0.43,0.08044984191656113,4.0,5.0,3.0,4.0,2.0,4.0,3.0,4.0,4.0,1.0,2.0,2.0,2.0,1.0,4.0,3.0,1.0,2.0,4.0,3.0,1.0,1.0,4.0,4.0,4.0,4.0,3.0,5.0,5.0,3.0,5.0,5.0,5.0,5.0,4.0,4.0,4.0,1.0,1.0,5.0,0
SE Texas Eocene - Well B,0.34,0.19110798835754395,4.0,5.0,4.0,5.0,3.0,5.0,3.0,4.0,4.0,1.0,3.0,2.0,2.0,1.0,4.0,3.0,1.0,2.0,4.0,3.0,1.0,1.0,4.0,4.0,4.0,4.0,3.0,5.0,5.0,3.0,5.0,5.0,5.0,5.0,4.0,4.0,5.0,1.0,3.0,5.0,1
SE Texas Eocene - Well C,0.31,0.19110798835754395,4.0,5.0,4.0,5.0,3.0,5.0,3.0,4.0,4.0,1.0,3.0,2.0,2.0,1.0,4.0,3.0,1.0,2.0,4.0,3.0,1.0,1.0,4.0,4.0,4.0,4.0,3.0,5.0,5.0,3.0,5.0,5.0,5.0,5.0,4.0,4.0,5.0,1.0,3.0,5.0,0
Sigma (Rev Dec 2003),0.15,0.007293639704585075,3.0,2.0,2.0,4.0,4.0,1.0,1.0,1.0,1.0,1.0,3.0,3.0,2.0,1.0,4.0,3.0,4.0,2.0,1.0,3.0,1.0,2.0,2.0,5.0,4.0,4.0,3.0,3.0,5.0,5.0,4.0,3.0,5.0,5.0,4.0,4.0,3.0,,,5.0,0
Siri West Prospect,0.07,0.009977618232369423,3.0,3.0,2.0,4.0,4.0,3.0,3.0,4.0,3.0,4.0,3.0,3.0,2.0,2.0,4.0,3.0,3.0,2.0,1.0,1.0,1.0,1.0,1.0,5.0,4.0,4.0,3.0,2.0,5.0,5.0,5.0,5.0,5.0,5.0,3.0,3.0,4.0,0.0,0.0,5.0,0
SMI 44,0.3,0.07008041441440582,4.0,3.0,5.0,3.0,3.0,3.0,3.0,0.0,0.0,0.0,3.0,3.0,2.0,2.0,4.0,3.0,3.0,2.0,4.0,2.0,1.0,1.0,4.0,4.0,4.0,4.0,4.0,3.0,5.0,5.0,5.0,5.0,5.0,5.0,3.0,2.0,2.0,1.0,1.0,5.0,1
South Pinehurst,0.12,0.025189146399497986,4.0,3.0,3.0,4.0,3.0,4.0,3.0,0.0,0.0,0.0,1.0,3.0,2.0,2.0,3.0,3.0,2.0,2.0,1.0,1.0,1.0,2.0,5.0,4.0,4.0,4.0,3.0,2.0,5.0,5.0,5.0,5.0,3.0,5.0,4.0,5.0,3.0,0.0,0.0,5.0,1
Southeast Texas Yegua,0.33,0.32067734003067017,4.0,4.0,5.0,5.0,5.0,5.0,5.0,5.0,5.0,4.0,5.0,5.0,5.0,4.0,5.0,4.0,4.0,5.0,4.0,5.0,4.0,3.0,4.0,4.0,4.0,4.0,4.0,4.0,5.0,1.0,1.0,1.0,1.0,5.0,4.0,4.0,5.0,1.0,4.0,5.0,1
St Francis,0.21,0.11374849081039429,3.0,4.0,3.0,4.0,4.0,4.0,4.0,0.0,0.0,0.0,1.0,3.0,2.0,2.0,3.0,3.0,2.0,2.0,1.0,1.0,1.0,2.0,5.0,5.0,4.0,4.0,3.0,3.0,5.0,5.0,5.0,5.0,4.0,5.0,5.0,5.0,5.0,0.0,0.0,5.0,0
Stone Prospect #2,0.15,-0.10876786708831787,3.0,2.0,3.0,2.0,3.0,2.0,2.0,0.0,0.0,0.0,3.0,3.0,2.0,1.0,3.0,3.0,1.0,2.0,1.0,1.0,1.0,1.0,2.0,5.0,4.0,4.0,1.0,3.0,5.0,1.0,1.0,1.0,1.0,5.0,3.0,3.0,3.0,1.0,3.0,5.0,0
Stones River,0.26,0.04480231553316116,4.0,2.0,4.0,3.0,3.0,3.0,3.0,0.0,0.0,0.0,2.0,2.0,1.0,2.0,5.0,3.0,2.0,2.0,4.0,3.0,1.0,1.0,4.0,5.0,4.0,4.0,3.0,3.0,5.0,5.0,5.0,5.0,5.0,5.0,4.0,4.0,5.0,1.0,1.0,5.0,0
T5 Prospect (rev Jun 30 2009),0.2,0.15937665104866028,4.0,3.0,3.0,4.0,4.0,4.0,4.0,4.0,4.0,4.0,2.0,3.0,3.0,3.0,4.0,3.0,4.0,2.0,3.0,1.0,1.0,1.0,2.0,4.0,4.0,4.0,4.0,3.0,5.0,3.0,5.0,4.0,4.0,5.0,4.0,4.0,3.0,1.0,1.0,5.0,1
T61 Eocene (Rev Jan 2004),0.15,0.2796948552131653,5.0,4.0,3.0,5.0,5.0,1.0,1.0,1.0,1.0,1.0,5.0,3.0,5.0,5.0,4.0,3.0,3.0,5.0,1.0,1.0,1.0,3.0,1.0,5.0,4.0,4.0,3.0,3.0,5.0,4.0,4.0,4.0,3.0,5.0,4.0,4.0,4.0,,,5.0,1
Tequila,0.14,0.042792681604623795,3.0,3.0,4.0,3.0,3.0,4.0,3.0,0.0,0.0,0.0,2.0,4.0,2.0,2.0,3.0,3.0,0.0,3.0,1.0,1.0,0.0,1.0,2.0,3.0,4.0,4.0,0.0,2.0,5.0,0.0,0.0,0.0,0.0,5.0,5.0,4.0,5.0,0.0,4.0,5.0,0
Texas Eocene 8,0.1,0.026492848992347717,5.0,4.0,4.0,4.0,3.0,4.0,4.0,1.0,1.0,1.0,3.0,3.0,2.0,2.0,4.0,3.0,2.0,3.0,4.0,4.0,1.0,1.0,2.0,4.0,4.0,4.0,3.0,2.0,5.0,5.0,4.0,5.0,5.0,5.0,4.0,4.0,4.0,,,5.0,0
Thailand-1 (Rev 2003),0.33,0.08861013501882553,4.0,4.0,4.0,1.0,1.0,1.0,1.0,1.0,1.0,1.0,3.0,3.0,3.0,3.0,3.0,3.0,2.0,2.0,2.0,5.0,1.0,1.0,5.0,2.0,4.0,4.0,2.0,3.0,5.0,3.0,3.0,5.0,5.0,5.0,1.0,3.0,3.0,,,5.0,1
Thailand-2 (Rev 2003),0.21,0.0815238207578659,4.0,4.0,4.0,1.0,1.0,1.0,1.0,1.0,1.0,1.0,3.0,3.0,3.0,3.0,3.0,3.0,2.0,2.0,2.0,5.0,1.0,1.0,1.0,5.0,4.0,4.0,2.0,3.0,5.0,3.0,3.0,5.0,5.0,5.0,1.0,3.0,3.0,,,5.0,0
Torbrook C-15,0.08,0.07133486121892929,5.0,3.0,5.0,4.0,3.0,3.0,3.0,0.0,0.0,0.0,2.0,4.0,2.0,1.0,4.0,3.0,4.0,5.0,2.0,1.0,5.0,5.0,1.0,5.0,5.0,5.0,2.0,2.0,5.0,5.0,5.0,5.0,5.0,5.0,4.0,5.0,5.0,0.0,0.0,5.0,0
UK-1 (Rev Dec 2003),0.16,-0.04980635270476341,2.0,2.0,2.0,3.0,2.0,1.0,1.0,1.0,1.0,1.0,3.0,3.0,4.0,2.0,4.0,3.0,4.0,2.0,1.0,1.0,1.0,1.0,4.0,4.0,4.0,4.0,3.0,2.0,5.0,4.0,5.0,5.0,5.0,5.0,5.0,5.0,5.0,,,5.0,0
Ultradeep 1,0.15,-0.042758699506521225,5.0,3.0,3.0,4.0,1.0,2.0,2.0,1.0,1.0,1.0,1.0,3.0,2.0,2.0,3.0,3.0,2.0,3.0,1.0,5.0,1.0,1.0,4.0,2.0,4.0,4.0,3.0,2.0,5.0,5.0,5.0,5.0,5.0,5.0,4.0,4.0,5.0,,,5.0,0
UT Prospect,0.33,0.15065547823905945,4.0,3.0,4.0,1.0,1.0,1.0,1.0,1.0,1.0,1.0,4.0,3.0,2.0,2.0,4.0,3.0,2.0,3.0,4.0,1.0,1.0,1.0,5.0,4.0,4.0,4.0,4.0,4.0,5.0,5.0,5.0,5.0,5.0,5.0,3.0,3.0,2.0,,,5.0,1
Varadera Field (Catcher Area),0.31,0.14034877717494965,4.0,3.0,4.0,4.0,4.0,4.0,4.0,0.0,0.0,0.0,3.0,2.0,2.0,2.0,4.0,3.0,4.0,2.0,1.0,1.0,1.0,1.0,4.0,4.0,4.0,4.0,3.0,3.0,5.0,5.0,5.0,5.0,5.0,5.0,5.0,3.0,5.0,0.0,0.0,5.0,1
Ventnor,0.43,0.07151099294424057,4.0,3.0,2.0,4.0,3.0,3.0,3.0,0.0,0.0,0.0,4.0,5.0,2.0,3.0,3.0,3.0,2.0,2.0,1.0,1.0,1.0,1.0,5.0,4.0,4.0,4.0,4.0,2.0,5.0,3.0,5.0,4.0,5.0,5.0,4.0,4.0,3.0,0.0,0.0,5.0,1
Vermilion 339 G sand (rev Oct-203),0.49,0.2721063494682312,4.0,4.0,5.0,3.0,3.0,3.0,3.0,3.0,3.0,3.0,5.0,3.0,3.0,4.0,5.0,3.0,5.0,5.0,5.0,5.0,2.0,3.0,4.0,5.0,4.0,4.0,5.0,3.0,5.0,5.0,5.0,5.0,4.0,5.0,2.0,2.0,5.0,,,5.0,1
West Africa Case Study,0.1,-0.025556141510605812,4.0,3.0,4.0,4.0,3.0,2.0,3.0,0.0,0.0,0.0,2.0,3.0,2.0,1.0,3.0,3.0,2.0,2.0,1.0,3.0,1.0,1.0,1.0,5.0,4.0,4.0,2.0,2.0,5.0,5.0,5.0,5.0,5.0,5.0,4.0,4.0,5.0,0.0,0.0,5.0,0
West Africa ENI #1 (Milan),0.15,0.06268955767154694,4.0,2.0,3.0,4.0,4.0,4.0,4.0,4.0,4.0,4.0,4.0,4.0,2.0,1.0,4.0,3.0,3.0,3.0,1.0,1.0,1.0,1.0,2.0,5.0,4.0,4.0,4.0,3.0,5.0,4.0,5.0,5.0,5.0,5.0,4.0,3.0,5.0,1.0,3.0,5.0,0
West Africa ENI #2 (Milan) (MM30),0.5,0.24962246417999268,4.0,3.0,4.0,4.0,4.0,3.0,3.0,0.0,0.0,0.0,4.0,4.0,4.0,2.0,4.0,3.0,5.0,2.0,1.0,4.0,1.0,1.0,4.0,5.0,4.0,4.0,5.0,3.0,5.0,4.0,5.0,5.0,5.0,5.0,4.0,4.0,4.0,1.0,1.0,5.0,0
West Africa ENI #2 (Milan) (MM34),0.25,0.04804657772183418,4.0,2.0,2.0,4.0,3.0,3.0,3.0,0.0,0.0,0.0,2.0,4.0,2.0,2.0,4.0,3.0,5.0,2.0,4.0,4.0,1.0,1.0,4.0,5.0,4.0,4.0,5.0,2.0,5.0,5.0,5.0,5.0,5.0,5.0,3.0,2.0,5.0,1.0,1.0,5.0,0
West Africa general ,0.65,0.17299218475818634,4.0,2.0,3.0,4.0,4.0,4.0,4.0,0.0,0.0,0.0,3.0,4.0,2.0,2.0,4.0,3.0,2.0,2.0,4.0,4.0,1.0,1.0,5.0,5.0,4.0,4.0,4.0,3.0,5.0,4.0,5.0,5.0,5.0,5.0,4.0,1.0,4.0,1.0,1.0,5.0,1
West Cameron Blk 72,0.6,0.07537642121315002,4.0,2.0,4.0,3.0,3.0,3.0,4.0,1.0,1.0,1.0,3.0,3.0,2.0,1.0,3.0,3.0,2.0,3.0,4.0,1.0,1.0,1.0,5.0,4.0,4.0,4.0,5.0,4.0,5.0,5.0,5.0,5.0,5.0,5.0,3.0,3.0,5.0,1.0,5.0,5.0,1
West of Shetlands ,0.2,0.06294136494398117,4.0,3.0,2.0,4.0,4.0,4.0,4.0,0.0,0.0,0.0,2.0,4.0,2.0,1.0,4.0,3.0,1.0,3.0,1.0,1.0,1.0,1.0,4.0,5.0,4.0,4.0,1.0,2.0,5.0,1.0,1.0,1.0,1.0,5.0,4.0,4.0,3.0,1.0,4.0,5.0,1
West Tapir,0.07,0.07785015553236008,4.0,4.0,3.0,4.0,3.0,5.0,5.0,0.0,0.0,0.0,3.0,4.0,2.0,2.0,3.0,3.0,3.0,3.0,3.0,1.0,1.0,1.0,5.0,5.0,4.0,4.0,2.0,2.0,5.0,2.0,5.0,5.0,5.0,5.0,2.0,2.0,4.0,0.0,2.0,5.0,0
XXXX Prospect,0.32,0.1828339844942093,4.0,4.0,3.0,0.0,0.0,0.0,0.0,0.0,0.0,0.0,4.0,5.0,2.0,2.0,4.0,3.0,2.0,2.0,2.0,1.0,1.0,1.0,5.0,4.0,4.0,4.0,4.0,4.0,5.0,4.0,5.0,5.0,5.0,5.0,4.0,4.0,4.0,0.0,0.0,5.0,1
Zebra,0.15,0.11032760888338089,5.0,4.0,3.0,4.0,4.0,4.0,4.0,4.0,4.0,4.0,4.0,3.0,3.0,2.0,4.0,3.0,2.0,3.0,5.0,5.0,2.0,3.0,4.0,5.0,4.0,4.0,3.0,3.0,5.0,5.0,5.0,5.0,5.0,5.0,4.0,5.0,5.0,,,5.0,0
Zenza Prospect,0.39,-0.10917948186397552,3.0,2.0,1.0,3.0,3.0,2.0,2.0,0.0,0.0,0.0,2.0,3.0,2.0,1.0,4.0,3.0,2.0,2.0,5.0,5.0,1.0,1.0,5.0,1.0,4.0,4.0,3.0,2.0,5.0,5.0,5.0,5.0,5.0,5.0,4.0,5.0,3.0,0.0,0.0,5.0,0
Magdalena Delta Prospect X,0.13,-0.024530263617634773,4.0,3.0,2.0,3.0,3.0,3.0,3.0,3.0,3.0,3.0,3.0,3.0,2.0,2.0,3.0,3.0,3.0,2.0,1.0,2.0,1.0,1.0,2.0,5.0,4.0,4.0,3.0,2.0,5.0,3.0,5.0,5.0,5.0,5.0,2.0,5.0,5.0,0.0,0.0,5.0,0
Super Comp,0.2,0.17611072957515717,4.0,4.0,3.0,0.0,0.0,0.0,0.0,0.0,0.0,0.0,4.0,5.0,4.0,4.0,3.0,3.0,2.0,2.0,1.0,1.0,1.0,1.0,1.0,5.0,4.0,4.0,3.0,3.0,5.0,5.0,5.0,5.0,5.0,5.0,3.0,4.0,5.0,0.0,0.0,5.0,1
Top Fuel,0.12,-0.06481940299272537,4.0,3.0,3.0,3.0,4.0,4.0,4.0,4.0,4.0,3.0,4.0,4.0,2.0,2.0,3.0,3.0,2.0,3.0,2.0,4.0,1.0,1.0,1.0,5.0,4.0,4.0,3.0,2.0,5.0,0.0,5.0,3.0,5.0,5.0,3.0,3.0,5.0,0.0,3.0,5.0,0
Gotama Prospect,0.16,0.14194394648075104,4.0,4.0,4.0,4.0,4.0,4.0,4.0,4.0,4.0,4.0,2.0,3.0,2.0,2.0,3.0,3.0,2.0,2.0,1.0,1.0,1.0,1.0,5.0,5.0,4.0,4.0,2.0,3.0,5.0,5.0,5.0,5.0,4.0,5.0,2.0,3.0,5.0,0.0,0.0,5.0,0
NM2 Prospect,0.15,0.14526954293251038,4.0,3.0,4.0,4.0,4.0,4.0,4.0,4.0,4.0,4.0,1.0,4.0,2.0,2.0,3.0,3.0,2.0,2.0,4.0,4.0,1.0,1.0,5.0,4.0,4.0,4.0,2.0,2.0,5.0,4.0,5.0,5.0,5.0,5.0,3.0,3.0,5.0,0.0,0.0,5.0,1
Prospect M North Sea,0.45,0.20629854500293732,3.0,4.0,4.0,4.0,3.0,5.0,4.0,0.0,0.0,0.0,4.0,5.0,2.0,3.0,3.0,3.0,0.0,3.0,1.0,1.0,0.0,1.0,4.0,4.0,4.0,4.0,0.0,2.0,5.0,0.0,0.0,0.0,0.0,5.0,2.0,4.0,5.0,0.0,4.0,5.0,1
Trell Prospect,0.4,0.10296609997749329,3.0,2.0,4.0,3.0,4.0,3.0,4.0,4.0,4.0,4.0,3.0,5.0,2.0,2.0,3.0,3.0,0.0,3.0,1.0,1.0,0.0,2.0,5.0,4.0,4.0,4.0,0.0,2.0,5.0,0.0,0.0,0.0,0.0,5.0,3.0,3.0,5.0,0.0,3.0,5.0,1
DONG Paleocene Prospect A,0.2,0.21587200462818146,4.0,3.0,5.0,4.0,3.0,4.0,4.0,4.0,4.0,3.0,4.0,4.0,2.0,3.0,4.0,3.0,4.0,3.0,1.0,1.0,1.0,2.0,4.0,5.0,5.0,4.0,4.0,2.0,5.0,2.0,5.0,5.0,5.0,5.0,5.0,4.0,5.0,0.0,0.0,5.0,1
East Coast Canada Prospect (LC2 sand),0.16,0.08072171360254288,4.0,4.0,4.0,4.0,4.0,4.0,3.0,5.0,4.0,4.0,4.0,4.0,2.0,3.0,4.0,3.0,4.0,3.0,4.0,4.0,1.0,2.0,5.0,5.0,4.0,4.0,4.0,2.0,5.0,4.0,5.0,5.0,5.0,5.0,3.0,3.0,5.0,0.0,5.0,5.0,0
Middle Vaila AVO Class 2 Case Study,0.16,0.24269987642765045,4.0,3.0,4.0,5.0,4.0,4.0,4.0,0.0,0.0,0.0,4.0,4.0,2.0,4.0,4.0,3.0,0.0,3.0,1.0,1.0,0.0,1.0,4.0,4.0,4.0,4.0,0.0,2.0,5.0,0.0,0.0,0.0,0.0,5.0,3.0,4.0,5.0,0.0,4.0,5.0,1
Sourdough,0.08,0.009566718712449074,4.0,3.0,3.0,4.0,3.0,3.0,4.0,4.0,3.0,0.0,2.0,3.0,2.0,1.0,4.0,3.0,0.0,2.0,1.0,1.0,0.0,1.0,1.0,5.0,4.0,4.0,0.0,2.0,5.0,0.0,0.0,0.0,0.0,5.0,3.0,4.0,5.0,0.0,3.0,5.0,1
Chimera Deep,0.23,0.09611279517412186,4.0,4.0,3.0,0.0,0.0,0.0,0.0,0.0,0.0,0.0,3.0,4.0,2.0,2.0,4.0,3.0,3.0,3.0,1.0,1.0,1.0,1.0,5.0,4.0,4.0,4.0,3.0,2.0,5.0,4.0,5.0,5.0,5.0,5.0,3.0,4.0,5.0,0.0,0.0,5.0,0
Carousel Prospect - Eocene 1,0.1512,0.08573891967535019,5.0,3.0,4.0,3.0,3.0,5.0,5.0,0.0,0.0,0.0,2.0,3.0,2.0,2.0,3.0,3.0,0.0,3.0,1.0,5.0,0.0,1.0,1.0,5.0,4.0,4.0,0.0,2.0,5.0,0.0,0.0,0.0,0.0,5.0,4.0,2.0,5.0,0.0,3.0,5.0,0
Carousel Prospect - Paleocene,0.14,0.07950685918331146,5.0,3.0,4.0,4.0,3.0,4.0,4.0,0.0,0.0,0.0,2.0,3.0,2.0,2.0,3.0,3.0,0.0,3.0,1.0,5.0,0.0,1.0,1.0,5.0,4.0,4.0,0.0,3.0,5.0,0.0,0.0,0.0,0.0,5.0,4.0,4.0,5.0,0.0,3.0,5.0,0
Comet Prospect,0.23,0.059147171676158905,4.0,1.0,4.0,4.0,4.0,4.0,4.0,0.0,0.0,0.0,1.0,3.0,2.0,1.0,4.0,3.0,0.0,2.0,1.0,3.0,0.0,1.0,5.0,2.0,4.0,4.0,0.0,1.0,5.0,0.0,0.0,0.0,0.0,5.0,4.0,4.0,5.0,0.0,5.0,5.0,0
15/30a-14 Dunkeld Well,0.13,-0.06603045761585236,3.0,3.0,3.0,3.0,2.0,3.0,3.0,0.0,0.0,0.0,1.0,3.0,2.0,1.0,3.0,3.0,4.0,2.0,1.0,1.0,1.0,2.0,1.0,5.0,4.0,4.0,2.0,2.0,5.0,5.0,5.0,5.0,5.0,5.0,3.0,4.0,5.0,0.0,0.0,5.0,0
Bucktail,0.19,-0.019995005801320076,4.0,2.0,2.0,4.0,5.0,4.0,4.0,0.0,0.0,0.0,4.0,4.0,3.0,2.0,4.0,3.0,3.0,3.0,3.0,1.0,1.0,1.0,5.0,5.0,4.0,4.0,3.0,2.0,5.0,5.0,4.0,5.0,5.0,5.0,5.0,4.0,5.0,0.0,4.0,5.0,0
Oronskaya,0.21,0.29165515303611755,5.0,4.0,5.0,5.0,4.0,4.0,4.0,5.0,5.0,4.0,5.0,5.0,2.0,3.0,4.0,3.0,2.0,2.0,1.0,4.0,1.0,2.0,1.0,5.0,4.0,4.0,4.0,3.0,5.0,5.0,5.0,5.0,4.0,5.0,3.0,4.0,5.0,0.0,0.0,5.0,1
Prospect A (Tullow),0.18,0.16387492418289185,4.0,3.0,3.0,4.0,3.0,3.0,3.0,4.0,4.0,4.0,4.0,5.0,4.0,2.0,3.0,3.0,2.0,2.0,4.0,4.0,1.0,1.0,1.0,5.0,4.0,4.0,3.0,3.0,5.0,5.0,5.0,5.0,5.0,5.0,4.0,4.0,5.0,0.0,0.0,5.0,1
Prospect B (Tullow),0.16,0.030275026336312294,4.0,4.0,3.0,4.0,3.0,4.0,4.0,5.0,4.0,4.0,1.0,3.0,2.0,2.0,4.0,3.0,2.0,3.0,5.0,5.0,1.0,1.0,1.0,5.0,4.0,4.0,3.0,2.0,5.0,5.0,5.0,4.0,5.0,5.0,3.0,4.0,5.0,0.0,3.0,5.0,0
Big Bend,0.20736000000000002,0.2771998941898346,4.0,4.0,5.0,3.0,3.0,4.0,4.0,0.0,0.0,0.0,5.0,3.0,3.0,3.0,5.0,3.0,0.0,3.0,1.0,1.0,0.0,1.0,2.0,5.0,4.0,4.0,0.0,4.0,5.0,0.0,0.0,0.0,0.0,5.0,5.0,3.0,4.0,0.0,5.0,5.0,1
Alpha ENI Prospect (Imported 03/25/2015),0.34,0.20331880450248718,4.0,2.0,3.0,4.0,3.0,4.0,4.0,0.0,0.0,0.0,3.0,4.0,3.0,4.0,4.0,3.0,2.0,2.0,4.0,4.0,1.0,1.0,5.0,5.0,4.0,4.0,3.0,3.0,5.0,5.0,5.0,5.0,5.0,5.0,5.0,5.0,3.0,0.0,0.0,5.0,1
Alpha - Eni  (Imported 03/25/2015),0.15,0.10743287950754166,3.0,3.0,4.0,4.0,3.0,4.0,4.0,0.0,0.0,0.0,3.0,3.0,2.0,2.0,3.0,3.0,2.0,2.0,1.0,1.0,1.0,3.0,5.0,4.0,4.0,4.0,4.0,4.0,5.0,4.0,4.0,5.0,5.0,5.0,5.0,1.0,3.0,1.0,1.0,5.0,0
Flett Prospect,0.26,-0.05101032927632332,2.0,2.0,2.0,3.0,3.0,3.0,3.0,0.0,0.0,0.0,3.0,5.0,2.0,2.0,4.0,3.0,2.0,2.0,1.0,1.0,1.0,1.0,4.0,4.0,4.0,4.0,1.0,2.0,5.0,4.0,5.0,4.0,5.0,5.0,4.0,3.0,5.0,0.0,0.0,4.0,1
Szoros,0.11,0.033670052886009216,4.0,4.0,4.0,3.0,3.0,4.0,4.0,4.0,4.0,3.0,3.0,4.0,2.0,3.0,3.0,3.0,2.0,2.0,1.0,1.0,1.0,1.0,1.0,5.0,4.0,4.0,2.0,3.0,5.0,2.0,4.0,4.0,5.0,5.0,3.0,2.0,5.0,0.0,2.0,4.0,0
Coachman,0.35000000000000003,0.06978146731853485,4.0,4.0,5.0,3.0,3.0,4.0,4.0,0.0,0.0,0.0,5.0,4.0,4.0,2.0,3.0,3.0,0.0,4.0,1.0,1.0,0.0,1.0,4.0,4.0,4.0,4.0,0.0,2.0,5.0,0.0,0.0,0.0,0.0,5.0,4.0,4.0,4.0,0.0,4.0,4.0,0
Pongo Prospect,0.46,0.28495433926582336,4.0,5.0,4.0,4.0,3.0,5.0,4.0,0.0,0.0,0.0,4.0,5.0,2.0,2.0,3.0,3.0,4.0,2.0,1.0,1.0,1.0,1.0,5.0,4.0,4.0,4.0,4.0,4.0,5.0,5.0,5.0,5.0,5.0,5.0,4.0,4.0,5.0,0.0,0.0,3.0,1
Tamar Prospect (Cetacea),0.17,0.4043218195438385,5.0,5.0,4.0,4.0,5.0,5.0,5.0,0.0,0.0,0.0,5.0,5.0,5.0,5.0,4.0,3.0,3.0,2.0,5.0,5.0,2.0,4.0,1.0,5.0,4.0,4.0,3.0,3.0,5.0,4.0,5.0,4.0,4.0,5.0,5.0,5.0,5.0,0.0,0.0,5.0,1
Generator Prospect,0.17,0.1971583515405655,4.0,4.0,4.0,4.0,4.0,4.0,4.0,0.0,0.0,0.0,3.0,4.0,2.0,2.0,4.0,3.0,2.0,2.0,1.0,5.0,1.0,1.0,5.0,3.0,4.0,4.0,5.0,4.0,5.0,5.0,5.0,5.0,4.0,5.0,4.0,3.0,4.0,0.0,0.0,5.0,1
Skrugard/Johan Castberg (Preikestolen Prospect),0.26,0.31291264295578003,4.0,5.0,4.0,4.0,3.0,3.0,4.0,0.0,0.0,0.0,4.0,5.0,5.0,4.0,4.0,3.0,2.0,2.0,5.0,4.0,1.0,2.0,1.0,1.0,4.0,4.0,4.0,3.0,5.0,5.0,5.0,5.0,2.0,5.0,5.0,5.0,5.0,0.0,0.0,5.0,1
Taggart Offset (10600 Sand),0.19,0.13523291051387787,3.0,4.0,4.0,4.0,4.0,4.0,4.0,0.0,0.0,0.0,2.0,4.0,2.0,2.0,3.0,3.0,5.0,2.0,1.0,1.0,1.0,1.0,5.0,4.0,4.0,4.0,4.0,2.0,5.0,4.0,5.0,5.0,5.0,5.0,5.0,3.0,5.0,0.0,0.0,3.0,1
Wheeler Peak,0.19,0.08617597073316574,3.0,4.0,4.0,3.0,3.0,4.0,4.0,0.0,0.0,0.0,2.0,4.0,2.0,2.0,3.0,3.0,5.0,2.0,1.0,1.0,1.0,1.0,5.0,4.0,4.0,4.0,4.0,2.0,5.0,4.0,5.0,5.0,5.0,5.0,2.0,3.0,5.0,0.0,0.0,3.0,0
Devonian B-3 Appraisal Well,0.65,0.11625722050666809,4.0,3.0,3.0,3.0,3.0,3.0,3.0,0.0,0.0,0.0,4.0,5.0,2.0,2.0,3.0,3.0,2.0,3.0,1.0,1.0,1.0,1.0,5.0,5.0,4.0,4.0,5.0,4.0,5.0,4.0,5.0,5.0,5.0,5.0,4.0,4.0,4.0,0.0,0.0,5.0,1
Minarelli-1,0.21,-0.014530038461089134,4.0,4.0,3.0,4.0,4.0,4.0,4.0,0.0,0.0,0.0,3.0,3.0,2.0,3.0,4.0,3.0,5.0,3.0,1.0,2.0,1.0,1.0,4.0,4.0,4.0,4.0,4.0,4.0,5.0,5.0,5.0,5.0,5.0,5.0,4.0,4.0,5.0,0.0,4.0,3.0,0
Opel-1,0.31,0.1475767195224762,4.0,3.0,4.0,4.0,4.0,4.0,4.0,0.0,0.0,0.0,3.0,3.0,2.0,1.0,4.0,3.0,5.0,2.0,1.0,2.0,1.0,1.0,4.0,4.0,4.0,4.0,4.0,4.0,5.0,4.0,5.0,5.0,5.0,5.0,4.0,3.0,4.0,0.0,0.0,3.0,1
Enfield 1 Prospect,0.26,0.1929754614830017,5.0,4.0,4.0,4.0,4.0,4.0,4.0,0.0,0.0,0.0,3.0,5.0,2.0,1.0,3.0,3.0,2.0,2.0,4.0,1.0,1.0,1.0,1.0,5.0,4.0,4.0,3.0,3.0,5.0,4.0,4.0,5.0,4.0,5.0,3.0,4.0,5.0,0.0,0.0,3.0,1
Repsol Prospect A,0.11,0.053859226405620575,3.0,3.0,3.0,4.0,3.0,3.0,3.0,4.0,3.0,3.0,4.0,5.0,2.0,2.0,4.0,3.0,2.0,3.0,5.0,5.0,4.0,5.0,5.0,4.0,4.0,4.0,3.0,3.0,5.0,5.0,5.0,5.0,5.0,5.0,4.0,5.0,5.0,0.0,3.0,5.0,0
Chili Pepper Prospect,0.31,0.07722761482000351,4.0,3.0,4.0,0.0,0.0,0.0,0.0,0.0,0.0,0.0,3.0,5.0,2.0,1.0,3.0,3.0,2.0,2.0,3.0,1.0,1.0,1.0,5.0,5.0,4.0,4.0,3.0,3.0,5.0,5.0,5.0,5.0,5.0,5.0,3.0,4.0,2.0,0.0,0.0,3.0,1
Trojan Prospect (Level 2),0.4,0.23728685081005096,4.0,4.0,3.0,4.0,4.0,4.0,5.0,4.0,4.0,0.0,4.0,5.0,3.0,2.0,3.0,3.0,2.0,2.0,1.0,5.0,1.0,1.0,4.0,5.0,4.0,4.0,3.0,3.0,5.0,3.0,4.0,5.0,5.0,5.0,4.0,4.0,5.0,0.0,0.0,3.0,1
Trojan Prospect (Level 3),0.4,0.160737544298172,4.0,4.0,4.0,3.0,3.0,3.0,4.0,4.0,3.0,0.0,4.0,5.0,3.0,2.0,3.0,3.0,2.0,2.0,1.0,5.0,1.0,1.0,4.0,5.0,4.0,4.0,3.0,3.0,5.0,3.0,4.0,5.0,5.0,5.0,4.0,4.0,5.0,0.0,0.0,3.0,0
Julimar SE Prospect,0.29,0.19308753311634064,4.0,2.0,3.0,4.0,4.0,4.0,4.0,0.0,0.0,0.0,2.0,4.0,2.0,2.0,3.0,3.0,3.0,2.0,5.0,5.0,1.0,1.0,5.0,1.0,4.0,4.0,4.0,4.0,5.0,5.0,5.0,5.0,5.0,5.0,4.0,4.0,5.0,0.0,0.0,4.0,0
XC Prospect,0.13,0.12835334241390228,5.0,4.0,4.0,4.0,3.0,4.0,4.0,4.0,4.0,3.0,3.0,2.0,2.0,2.0,3.0,3.0,2.0,2.0,1.0,5.0,1.0,1.0,1.0,5.0,4.0,4.0,2.0,2.0,5.0,4.0,3.0,4.0,4.0,5.0,4.0,3.0,5.0,0.0,0.0,4.0,1
Mari-B (Mound Prospect),0.23,0.20688092708587646,4.0,4.0,5.0,0.0,0.0,0.0,0.0,0.0,0.0,0.0,4.0,5.0,4.0,4.0,3.0,3.0,2.0,2.0,1.0,1.0,5.0,1.0,1.0,5.0,4.0,4.0,4.0,3.0,5.0,4.0,4.0,4.0,4.0,5.0,5.0,4.0,5.0,0.0,0.0,3.0,1
Acme Prospect,0.22,0.21214139461517334,4.0,4.0,4.0,4.0,4.0,5.0,5.0,0.0,0.0,0.0,2.0,4.0,2.0,2.0,4.0,3.0,0.0,3.0,1.0,4.0,0.0,1.0,3.0,4.0,4.0,4.0,0.0,4.0,5.0,0.0,0.0,0.0,0.0,5.0,4.0,4.0,4.0,0.0,4.0,4.0,1
Gulf of Mexico,0.24,0.1321544647216797,4.0,3.0,3.0,5.0,3.0,5.0,3.0,0.0,0.0,0.0,3.0,3.0,2.0,2.0,4.0,3.0,0.0,3.0,2.0,1.0,0.0,2.0,4.0,5.0,4.0,4.0,0.0,2.0,5.0,0.0,0.0,0.0,0.0,5.0,4.0,5.0,5.0,0.0,4.0,3.0,0
Minami,0.24,0.14369581639766693,4.0,4.0,4.0,0.0,0.0,0.0,0.0,0.0,0.0,0.0,4.0,4.0,2.0,4.0,3.0,3.0,2.0,2.0,1.0,1.0,1.0,1.0,5.0,5.0,4.0,4.0,4.0,3.0,5.0,5.0,3.0,5.0,5.0,5.0,3.0,5.0,5.0,0.0,0.0,4.0,1
Leviathan (Whalebone),0.31,0.4687019884586334,5.0,4.0,5.0,4.0,4.0,5.0,5.0,0.0,0.0,0.0,5.0,5.0,4.0,5.0,4.0,3.0,4.0,3.0,1.0,5.0,1.0,1.0,4.0,5.0,4.0,4.0,5.0,4.0,5.0,5.0,5.0,5.0,5.0,5.0,4.0,4.0,5.0,0.0,0.0,4.0,1
Balderbra,0.34,0.23255331814289093,4.0,4.0,2.0,4.0,4.0,4.0,3.0,4.0,5.0,4.0,4.0,4.0,3.0,4.0,4.0,3.0,4.0,2.0,3.0,5.0,1.0,3.0,1.0,5.0,4.0,4.0,5.0,3.0,5.0,4.0,5.0,4.0,5.0,5.0,3.0,4.0,5.0,0.0,0.0,4.0,1
Ragged Tiger,0.22,0.012498370371758938,3.0,3.0,4.0,3.0,2.0,3.0,3.0,0.0,0.0,0.0,3.0,4.0,3.0,2.0,3.0,3.0,0.0,4.0,3.0,1.0,0.0,1.0,4.0,4.0,4.0,4.0,0.0,3.0,5.0,0.0,0.0,0.0,0.0,5.0,4.0,3.0,3.0,0.0,3.0,2.0,0
Erebia,0.25,0.2036755383014679,4.0,4.0,4.0,4.0,4.0,5.0,4.0,4.0,4.0,3.0,3.0,5.0,2.0,2.0,4.0,3.0,2.0,2.0,1.0,1.0,1.0,1.0,5.0,1.0,4.0,4.0,3.0,3.0,5.0,5.0,4.0,4.0,5.0,5.0,4.0,4.0,5.0,0.0,0.0,4.0,0
Hannah,0.13,-0.11745168268680573,1.0,3.0,2.0,4.0,2.0,4.0,3.0,0.0,0.0,0.0,1.0,0.0,0.0,0.0,4.0,3.0,0.0,0.0,1.0,1.0,0.0,0.0,1.0,5.0,4.0,4.0,5.0,0.0,5.0,0.0,0.0,0.0,3.0,5.0,2.0,2.0,4.0,5.0,0.0,1.0,0
SE Asia Kufpec Prospect,0.3,0.08151820302009583,4.0,3.0,2.0,5.0,3.0,3.0,3.0,0.0,0.0,0.0,3.0,5.0,2.0,2.0,3.0,3.0,2.0,2.0,3.0,5.0,1.0,1.0,5.0,1.0,4.0,4.0,5.0,3.0,5.0,5.0,5.0,5.0,5.0,5.0,2.0,5.0,5.0,0.0,0.0,5.0,1
Zuccarella,0.41000000000000003,0.07258108258247375,4.0,4.0,2.0,4.0,2.0,4.0,4.0,4.0,4.0,2.0,4.0,3.0,2.0,2.0,4.0,3.0,3.0,2.0,1.0,4.0,1.0,1.0,5.0,2.0,4.0,4.0,4.0,1.0,5.0,4.0,5.0,5.0,5.0,5.0,4.0,2.0,5.0,0.0,0.0,4.0,0
Spanish Cay - revised,0.1,0.07515416294336319,4.0,4.0,3.0,4.0,3.0,4.0,4.0,0.0,0.0,0.0,2.0,3.0,2.0,1.0,4.0,3.0,2.0,2.0,1.0,1.0,1.0,4.0,5.0,2.0,4.0,4.0,4.0,3.0,5.0,4.0,4.0,5.0,2.0,5.0,4.0,3.0,5.0,0.0,0.0,3.0,0
Dantzler (Westminster),0.32,0.14170153439044952,4.0,2.0,4.0,0.0,0.0,0.0,0.0,0.0,0.0,0.0,3.0,5.0,2.0,3.0,4.0,3.0,4.0,2.0,1.0,4.0,1.0,1.0,5.0,3.0,4.0,4.0,5.0,3.0,5.0,5.0,5.0,5.0,5.0,5.0,4.0,5.0,4.0,0.0,0.0,4.0,1
Bogracs,0.16,0.11960432678461075,4.0,4.0,3.0,4.0,4.0,4.0,4.0,4.0,4.0,3.0,3.0,3.0,2.0,2.0,3.0,3.0,2.0,2.0,1.0,1.0,1.0,1.0,2.0,4.0,4.0,4.0,3.0,2.0,5.0,5.0,5.0,4.0,4.0,5.0,3.0,4.0,4.0,0.0,0.0,5.0,0
Klinkhamer - Target A,0.43,-0.012648887000977993,3.0,2.0,2.0,2.0,3.0,3.0,3.0,0.0,0.0,0.0,2.0,5.0,3.0,1.0,3.0,3.0,2.0,2.0,1.0,3.0,1.0,1.0,4.0,4.0,4.0,4.0,5.0,2.0,5.0,4.0,5.0,5.0,5.0,5.0,3.0,5.0,5.0,0.0,0.0,5.0,1
